player_id,player_name,position,nfl_team,college,draft_round,overall_pick,age_at_draft,identity_status,identity_method,production_component,market_share_component,draft_capital_component,athletic_component,recruiting_component,age_component,weighted_component_sum,raw_model_v4_score,confidence_cap,final_review_score,sprint14e_format_score,position_rank,overall_review_rank,tier,floor_anchor_cap_states,missing_components,warning_codes,evidence_confidence,source_limit_state,blocking_reason,score_label,rank_label,board_label,formula_version,board_formula_version,input_pack_version,board_version
LOV121782,Jeremiyah Love,RB,ARI,Notre Dame,1,3,20.895706,EXACT_IDENTITY_PARTIAL_EVIDENCE,EXACT_SHARED_GSIS_ID,86.0106,90.3891,98.5806,,,100.0,92.2002,92.2002,0.88,81.1362,67.343,1,1,first_round_board_context_review,none,athletic_prior|recruiting_prior,missing_recruiting_prior|combine_percentile_normalization_not_governed|missing_athletic_prior_component|missing_recruiting_prior_component|market_context_excluded_from_private_value,usable_with_confidence_cap,REVIEW_ONLY_SOURCE_LIMITED,,Rookie Analyzer Review Score,2026 Rookie Review Rank,Review-Only,model_v4_sprint_12_13_review_0.1.1,model_v4_sprint_14e_rookie_draft_review_0.1.0,MODEL_V4_2026_COMPATIBLE_INPUT_PACK_V1,NWR_MODEL_V4_2026_ROOKIE_BOARD_REVIEW_V1
TYS405541,Jordyn Tyson,WR,NOR,Arizona St.,1,8,21.695175,EXACT_IDENTITY_PARTIAL_EVIDENCE,EXACT_SHARED_GSIS_ID,83.183,78.0166,95.0323,,,100.0,87.1281,87.1281,0.88,76.6727,63.6383,1,2,first_round_board_context_review,none,athletic_prior|recruiting_prior,missing_recruiting_prior|combine_percentile_normalization_not_governed|missing_athletic_prior_component|missing_recruiting_prior_component|market_context_excluded_from_private_value,usable_with_confidence_cap,REVIEW_ONLY_SOURCE_LIMITED,,Rookie Analyzer Review Score,2026 Rookie Review Rank,Review-Only,model_v4_sprint_12_13_review_0.1.1,model_v4_sprint_14e_rookie_draft_review_0.1.0,MODEL_V4_2026_COMPATIBLE_INPUT_PACK_V1,NWR_MODEL_V4_2026_ROOKIE_BOARD_REVIEW_V1
LEM694125,Makai Lemon,WR,PHI,USC,1,20,21.889567,EXACT_IDENTITY_PARTIAL_EVIDENCE,EXACT_SHARED_GSIS_ID,73.0905,89.4843,86.5161,,,98.7362,83.5566,83.5565,0.88,73.5297,61.0297,2,3,first_round_board_context_review,none,athletic_prior|recruiting_prior,missing_recruiting_prior|combine_percentile_normalization_not_governed|missing_athletic_prior_component|missing_recruiting_prior_component|market_context_excluded_from_private_value,usable_with_confidence_cap,REVIEW_ONLY_SOURCE_LIMITED,,Rookie Analyzer Review Score,2026 Rookie Review Rank,Review-Only,model_v4_sprint_12_13_review_0.1.1,model_v4_sprint_14e_rookie_draft_review_0.1.0,MODEL_V4_2026_COMPATIBLE_INPUT_PACK_V1,NWR_MODEL_V4_2026_ROOKIE_BOARD_REVIEW_V1
COL293648,Jonah Coleman,RB,DEN,Washington,4,108,22.680822,EXACT_IDENTITY_PARTIAL_EVIDENCE,EXACT_SHARED_GSIS_ID,95.4365,84.8849,47.75,,,87.7397,77.7887,77.7887,0.88,68.4541,56.8169,2,4,first_round_board_context_review,model_edge_weirdness:day_three_exceptional_profile,athletic_prior|recruiting_prior,missing_recruiting_prior|combine_percentile_normalization_not_governed|missing_athletic_prior_component|missing_recruiting_prior_component|model_edge_weirdness|market_context_excluded_from_private_value,usable_with_confidence_cap,REVIEW_ONLY_SOURCE_LIMITED,,Rookie Analyzer Review Score,2026 Rookie Review Rank,Review-Only,model_v4_sprint_12_13_review_0.1.1,model_v4_sprint_14e_rookie_draft_review_0.1.0,MODEL_V4_2026_COMPATIBLE_INPUT_PACK_V1,NWR_MODEL_V4_2026_ROOKIE_BOARD_REVIEW_V1
BEL597603,Skyler Bell,WR,BUF,Connecticut,4,125,23.806101,EXACT_IDENTITY_PARTIAL_EVIDENCE,EXACT_SHARED_GSIS_ID,89.8241,99.4599,42.9688,,,80.5297,77.1371,77.137,0.88,67.8806,56.3409,3,5,first_round_board_context_review,model_edge_weirdness:day_three_exceptional_profile,athletic_prior|recruiting_prior,missing_recruiting_prior|combine_percentile_normalization_not_governed|missing_athletic_prior_component|missing_recruiting_prior_component|model_edge_weirdness|market_context_excluded_from_private_value,usable_with_confidence_cap,REVIEW_ONLY_SOURCE_LIMITED,,Rookie Analyzer Review Score,2026 Rookie Review Rank,Review-Only,model_v4_sprint_12_13_review_0.1.1,model_v4_sprint_14e_rookie_draft_review_0.1.0,MODEL_V4_2026_COMPATIBLE_INPUT_PACK_V1,NWR_MODEL_V4_2026_ROOKIE_BOARD_REVIEW_V1
BOS677861,Denzel Boston,WR,CLE,Washington,2,39,22.38239,EXACT_IDENTITY_PARTIAL_EVIDENCE,EXACT_SHARED_GSIS_ID,65.3384,82.2355,75.1176,,,95.4507,75.258,75.258,0.88,66.227,54.9684,4,6,first_round_board_context_review,none,athletic_prior|recruiting_prior,missing_recruiting_prior|combine_percentile_normalization_not_governed|missing_athletic_prior_component|missing_recruiting_prior_component|market_context_excluded_from_private_value,usable_with_confidence_cap,REVIEW_ONLY_SOURCE_LIMITED,,Rookie Analyzer Review Score,2026 Rookie Review Rank,Review-Only,model_v4_sprint_12_13_review_0.1.1,model_v4_sprint_14e_rookie_draft_review_0.1.0,MODEL_V4_2026_COMPATIBLE_INPUT_PACK_V1,NWR_MODEL_V4_2026_ROOKIE_BOARD_REVIEW_V1
JOH224817,Emmett Johnson,RB,KAN,Nebraska,5,161,22.541188,EXACT_IDENTITY_PARTIAL_EVIDENCE,EXACT_SHARED_GSIS_ID,87.8825,100.0,32.8438,,,89.4852,74.3789,74.3789,0.88,65.4534,54.3263,3,7,first_round_board_context_review,model_edge_weirdness:day_three_exceptional_profile,athletic_prior|recruiting_prior,missing_recruiting_prior|combine_percentile_normalization_not_governed|missing_athletic_prior_component|missing_recruiting_prior_component|model_edge_weirdness|market_context_excluded_from_private_value,usable_with_confidence_cap,REVIEW_ONLY_SOURCE_LIMITED,,Rookie Analyzer Review Score,2026 Rookie Review Rank,Review-Only,model_v4_sprint_12_13_review_0.1.1,model_v4_sprint_14e_rookie_draft_review_0.1.0,MODEL_V4_2026_COMPATIBLE_INPUT_PACK_V1,NWR_MODEL_V4_2026_ROOKIE_BOARD_REVIEW_V1
TAT143045,Carnell Tate,WR,TEN,Ohio St.,1,4,21.25711,EXACT_IDENTITY_PARTIAL_EVIDENCE,EXACT_SHARED_GSIS_ID,54.8859,61.4179,97.871,,,100.0,73.7555,73.7555,0.88,64.9048,53.871,5,8,first_round_board_context_review,none,athletic_prior|recruiting_prior,missing_recruiting_prior|combine_percentile_normalization_not_governed|missing_athletic_prior_component|missing_recruiting_prior_component|market_context_excluded_from_private_value,usable_with_confidence_cap,REVIEW_ONLY_SOURCE_LIMITED,,Rookie Analyzer Review Score,2026 Rookie Review Rank,Review-Only,model_v4_sprint_12_13_review_0.1.1,model_v4_sprint_14e_rookie_draft_review_0.1.0,MODEL_V4_2026_COMPATIBLE_INPUT_PACK_V1,NWR_MODEL_V4_2026_ROOKIE_BOARD_REVIEW_V1
BEL267684,Chris Bell,WR,MIA,Louisville,3,94,21.878615,EXACT_IDENTITY_PARTIAL_EVIDENCE,EXACT_SHARED_GSIS_ID,75.3982,87.1598,52.4706,,,98.8092,73.5829,73.583,0.88,64.753,53.745,6,9,first_round_board_context_review,none,athletic_prior|recruiting_prior,missing_recruiting_prior|combine_percentile_normalization_not_governed|missing_athletic_prior_component|missing_recruiting_prior_component|market_context_excluded_from_private_value,usable_with_confidence_cap,REVIEW_ONLY_SOURCE_LIMITED,,Rookie Analyzer Review Score,2026 Rookie Review Rank,Review-Only,model_v4_sprint_12_13_review_0.1.1,model_v4_sprint_14e_rookie_draft_review_0.1.0,MODEL_V4_2026_COMPATIBLE_INPUT_PACK_V1,NWR_MODEL_V4_2026_ROOKIE_BOARD_REVIEW_V1
COO816508,Omar Cooper Jr.,WR,NYJ,Indiana,1,30,22.357749,EXACT_IDENTITY_PARTIAL_EVIDENCE,EXACT_SHARED_GSIS_ID,62.7477,72.6446,79.4194,,,95.615,73.3219,73.322,0.88,64.5234,53.5544,7,10,first_round_board_context_review,none,athletic_prior|recruiting_prior,missing_recruiting_prior|combine_percentile_normalization_not_governed|missing_athletic_prior_component|missing_recruiting_prior_component|market_context_excluded_from_private_value,usable_with_confidence_cap,REVIEW_ONLY_SOURCE_LIMITED,,Rookie Analyzer Review Score,2026 Rookie Review Rank,Review-Only,model_v4_sprint_12_13_review_0.1.1,model_v4_sprint_14e_rookie_draft_review_0.1.0,MODEL_V4_2026_COMPATIBLE_INPUT_PACK_V1,NWR_MODEL_V4_2026_ROOKIE_BOARD_REVIEW_V1
BRA531428,Zachariah Branch,WR,ATL,Georgia,3,79,22.070268,EXACT_IDENTITY_PARTIAL_EVIDENCE,EXACT_SHARED_GSIS_ID,65.8144,76.6903,58.6471,,,97.5315,69.3334,69.3333,0.88,61.0133,50.641,8,11,second_round_board_context_review,none,athletic_prior|recruiting_prior,missing_recruiting_prior|combine_percentile_normalization_not_governed|missing_athletic_prior_component|missing_recruiting_prior_component|market_context_excluded_from_private_value,usable_with_confidence_cap,REVIEW_ONLY_SOURCE_LIMITED,,Rookie Analyzer Review Score,2026 Rookie Review Rank,Review-Only,model_v4_sprint_12_13_review_0.1.1,model_v4_sprint_14e_rookie_draft_review_0.1.0,MODEL_V4_2026_COMPATIBLE_INPUT_PACK_V1,NWR_MODEL_V4_2026_ROOKIE_BOARD_REVIEW_V1
BER218265,Germie Bernard,WR,PIT,Alabama,2,47,22.393341,EXACT_IDENTITY_PARTIAL_EVIDENCE,EXACT_SHARED_GSIS_ID,65.4376,59.3822,71.8235,,,95.3777,68.7877,68.7877,0.88,60.5332,50.2426,9,12,second_round_board_context_review,none,athletic_prior|recruiting_prior,missing_recruiting_prior|combine_percentile_normalization_not_governed|missing_athletic_prior_component|missing_recruiting_prior_component|market_context_excluded_from_private_value,usable_with_confidence_cap,REVIEW_ONLY_SOURCE_LIMITED,,Rookie Analyzer Review Score,2026 Rookie Review Rank,Review-Only,model_v4_sprint_12_13_review_0.1.1,model_v4_sprint_14e_rookie_draft_review_0.1.0,MODEL_V4_2026_COMPATIBLE_INPUT_PACK_V1,NWR_MODEL_V4_2026_ROOKIE_BOARD_REVIEW_V1
HUR541377,Ted Hurst,WR,TAM,Georgia St.,3,84,21.810167,EXACT_IDENTITY_PARTIAL_EVIDENCE,EXACT_SHARED_GSIS_ID,72.6302,82.8819,56.5882,,,99.2656,72.8359,72.8358,0.84,61.1821,50.0,10,13,watchlist_or_data_incomplete_context_review,none,athletic_prior|recruiting_prior,missing_recruiting_prior|missing_combine_evidence|missing_prospect_or_college_evidence|combine_absent_not_zero_filled|missing_athletic_prior_component|missing_recruiting_prior_component|market_context_excluded_from_private_value,capped_review_required,REVIEW_ONLY_SOURCE_LIMITED,,Rookie Analyzer Review Score,2026 Rookie Review Rank,Review-Only,model_v4_sprint_12_13_review_0.1.1,model_v4_sprint_14e_rookie_draft_review_0.1.0,MODEL_V4_2026_COMPATIBLE_INPUT_PACK_V1,NWR_MODEL_V4_2026_ROOKIE_BOARD_REVIEW_V1
CON046719,KC Concepcion,WR,CLE,Texas A&M,1,24,21.577445,EXACT_IDENTITY_PARTIAL_EVIDENCE,EXACT_SHARED_GSIS_ID,81.299,79.1888,83.6774,,,100.0,83.3095,83.3094,0.84,69.9799,50.0,11,14,watchlist_or_data_incomplete_context_review,none,athletic_prior|recruiting_prior,missing_recruiting_prior|missing_combine_evidence|missing_prospect_or_college_evidence|combine_absent_not_zero_filled|missing_athletic_prior_component|missing_recruiting_prior_component|market_context_excluded_from_private_value,capped_review_required,REVIEW_ONLY_SOURCE_LIMITED,,Rookie Analyzer Review Score,2026 Rookie Review Rank,Review-Only,model_v4_sprint_12_13_review_0.1.1,model_v4_sprint_14e_rookie_draft_review_0.1.0,MODEL_V4_2026_COMPATIBLE_INPUT_PACK_V1,NWR_MODEL_V4_2026_ROOKIE_BOARD_REVIEW_V1
FIE775129,Malachi Fields,WR,NYG,Notre Dame,3,74,22.661656,EXACT_IDENTITY_PARTIAL_EVIDENCE,EXACT_SHARED_GSIS_ID,72.706,54.6071,60.7059,,,93.589,66.7431,66.7432,0.88,58.734,48.7492,12,15,second_round_board_context_review,none,athletic_prior|recruiting_prior,missing_recruiting_prior|combine_percentile_normalization_not_governed|missing_athletic_prior_component|missing_recruiting_prior_component|market_context_excluded_from_private_value,usable_with_confidence_cap,REVIEW_ONLY_SOURCE_LIMITED,,Rookie Analyzer Review Score,2026 Rookie Review Rank,Review-Only,model_v4_sprint_12_13_review_0.1.1,model_v4_sprint_14e_rookie_draft_review_0.1.0,MODEL_V4_2026_COMPATIBLE_INPUT_PACK_V1,NWR_MODEL_V4_2026_ROOKIE_BOARD_REVIEW_V1
BRA836631,Chris Brazzell II,WR,CAR,Tennessee,3,83,22.502858,EXACT_IDENTITY_PARTIAL_EVIDENCE,EXACT_SHARED_GSIS_ID,64.3865,74.8777,57.0,,,94.6476,67.6063,67.6064,0.84,56.7894,47.1352,13,16,watchlist_or_data_incomplete_context_review,none,athletic_prior|recruiting_prior,missing_recruiting_prior|missing_combine_evidence|missing_prospect_or_college_evidence|combine_absent_not_zero_filled|missing_athletic_prior_component|missing_recruiting_prior_component|market_context_excluded_from_private_value,capped_review_required,REVIEW_ONLY_SOURCE_LIMITED,,Rookie Analyzer Review Score,2026 Rookie Review Rank,Review-Only,model_v4_sprint_12_13_review_0.1.1,model_v4_sprint_14e_rookie_draft_review_0.1.0,MODEL_V4_2026_COMPATIBLE_INPUT_PACK_V1,NWR_MODEL_V4_2026_ROOKIE_BOARD_REVIEW_V1
WIL143106,Antonio Williams,WR,WAS,Clemson,3,71,21.777312,EXACT_IDENTITY_PARTIAL_EVIDENCE,EXACT_SHARED_GSIS_ID,63.8515,50.8678,61.9412,,,99.4846,63.582,63.582,0.88,55.9522,46.4403,14,17,second_round_board_context_review,none,athletic_prior|recruiting_prior,missing_recruiting_prior|combine_percentile_normalization_not_governed|missing_athletic_prior_component|missing_recruiting_prior_component|market_context_excluded_from_private_value,usable_with_confidence_cap,REVIEW_ONLY_SOURCE_LIMITED,,Rookie Analyzer Review Score,2026 Rookie Review Rank,Review-Only,model_v4_sprint_12_13_review_0.1.1,model_v4_sprint_14e_rookie_draft_review_0.1.0,MODEL_V4_2026_COMPATIBLE_INPUT_PACK_V1,NWR_MODEL_V4_2026_ROOKIE_BOARD_REVIEW_V1
DOU210628,Caleb Douglas,WR,MIA,Texas Tech,3,75,22.623326,EXACT_IDENTITY_PARTIAL_EVIDENCE,EXACT_SHARED_GSIS_ID,57.5507,56.2894,60.2941,,,93.8445,61.5713,61.5712,0.88,54.1827,44.9716,15,18,second_round_board_context_review,none,athletic_prior|recruiting_prior,missing_recruiting_prior|combine_percentile_normalization_not_governed|missing_athletic_prior_component|missing_recruiting_prior_component|market_context_excluded_from_private_value,usable_with_confidence_cap,REVIEW_ONLY_SOURCE_LIMITED,,Rookie Analyzer Review Score,2026 Rookie Review Rank,Review-Only,model_v4_sprint_12_13_review_0.1.1,model_v4_sprint_14e_rookie_draft_review_0.1.0,MODEL_V4_2026_COMPATIBLE_INPUT_PACK_V1,NWR_MODEL_V4_2026_ROOKIE_BOARD_REVIEW_V1
PRI206342,Jadarian Price,RB,SEA,Notre Dame,1,32,22.53845,EXACT_IDENTITY_PARTIAL_EVIDENCE,EXACT_SHARED_GSIS_ID,47.4184,50.4234,78.0,,,89.5194,61.4118,61.4117,0.88,54.0423,44.8551,4,19,second_round_board_context_review,none,athletic_prior|recruiting_prior,missing_recruiting_prior|combine_percentile_normalization_not_governed|missing_athletic_prior_component|missing_recruiting_prior_component|market_context_excluded_from_private_value,usable_with_confidence_cap,REVIEW_ONLY_SOURCE_LIMITED,,Rookie Analyzer Review Score,2026 Rookie Review Rank,Review-Only,model_v4_sprint_12_13_review_0.1.1,model_v4_sprint_14e_rookie_draft_review_0.1.0,MODEL_V4_2026_COMPATIBLE_INPUT_PACK_V1,NWR_MODEL_V4_2026_ROOKIE_BOARD_REVIEW_V1
SAD482340,Kenyon Sadiq,TE,NYJ,Oregon,1,16,21.136642,EXACT_IDENTITY_PARTIAL_EVIDENCE,EXACT_SHARED_GSIS_ID,55.1199,49.6521,89.3548,92.6923,,100.0,71.5034,62.0,0.88,54.56,42.5022,1,20,second_round_board_context_review,no_premium_te_cap_warning:first_round_te_no_premium_cap,recruiting_prior,missing_recruiting_prior|combine_percentile_normalization_not_governed|missing_recruiting_prior_component|no_premium_te_cap_warning|market_context_excluded_from_private_value,usable_with_confidence_cap,REVIEW_ONLY_SOURCE_LIMITED,,Rookie Analyzer Review Score,2026 Rookie Review Rank,Review-Only,model_v4_sprint_12_13_review_0.1.1,model_v4_sprint_14e_rookie_draft_review_0.1.0,MODEL_V4_2026_COMPATIBLE_INPUT_PACK_V1,NWR_MODEL_V4_2026_ROOKIE_BOARD_REVIEW_V1
MCG547540,Seth McGowan,RB,IND,Kentucky,7,237,24.504268,EXACT_IDENTITY_PARTIAL_EVIDENCE,EXACT_SHARED_GSIS_ID,80.6756,86.8989,11.4688,,,64.9488,59.814,58.0,0.88,51.04,42.3632,5,21,second_round_board_context_review,draft_capital_anchor_warning:day_three_skepticism_cap,athletic_prior|recruiting_prior,missing_recruiting_prior|combine_percentile_normalization_not_governed|missing_athletic_prior_component|missing_recruiting_prior_component|draft_capital_anchor_warning|market_context_excluded_from_private_value,usable_with_confidence_cap,REVIEW_ONLY_SOURCE_LIMITED,,Rookie Analyzer Review Score,2026 Rookie Review Rank,Review-Only,model_v4_sprint_12_13_review_0.1.1,model_v4_sprint_14e_rookie_draft_review_0.1.0,MODEL_V4_2026_COMPATIBLE_INPUT_PACK_V1,NWR_MODEL_V4_2026_ROOKIE_BOARD_REVIEW_V1
WAS797326,Mike Washington Jr.,RB,LVR,Arkansas,4,122,22.812241,EXACT_IDENTITY_PARTIAL_EVIDENCE,EXACT_SHARED_GSIS_ID,82.916,77.3024,43.8125,,,86.097,70.0918,58.0,0.88,51.04,42.3632,6,22,second_round_board_context_review,draft_capital_anchor_warning:day_three_skepticism_cap,athletic_prior|recruiting_prior,missing_recruiting_prior|combine_percentile_normalization_not_governed|missing_athletic_prior_component|missing_recruiting_prior_component|draft_capital_anchor_warning|market_context_excluded_from_private_value,usable_with_confidence_cap,REVIEW_ONLY_SOURCE_LIMITED,,Rookie Analyzer Review Score,2026 Rookie Review Rank,Review-Only,model_v4_sprint_12_13_review_0.1.1,model_v4_sprint_14e_rookie_draft_review_0.1.0,MODEL_V4_2026_COMPATIBLE_INPUT_PACK_V1,NWR_MODEL_V4_2026_ROOKIE_BOARD_REVIEW_V1
COL362413,Kevin Coleman Jr.,WR,MIA,Missouri,5,177,22.623326,EXACT_IDENTITY_PARTIAL_EVIDENCE,EXACT_SHARED_GSIS_ID,80.558,73.2859,28.3438,,,93.8445,64.3593,58.0,0.88,51.04,42.3632,16,23,second_round_board_context_review,draft_capital_anchor_warning:day_three_skepticism_cap,athletic_prior|recruiting_prior,missing_recruiting_prior|combine_percentile_normalization_not_governed|missing_athletic_prior_component|missing_recruiting_prior_component|draft_capital_anchor_warning|market_context_excluded_from_private_value,usable_with_confidence_cap,REVIEW_ONLY_SOURCE_LIMITED,,Rookie Analyzer Review Score,2026 Rookie Review Rank,Review-Only,model_v4_sprint_12_13_review_0.1.1,model_v4_sprint_14e_rookie_draft_review_0.1.0,MODEL_V4_2026_COMPATIBLE_INPUT_PACK_V1,NWR_MODEL_V4_2026_ROOKIE_BOARD_REVIEW_V1
ALL532376,Kaytron Allen,RB,WAS,Penn St.,6,187,23.294113,EXACT_IDENTITY_PARTIAL_EVIDENCE,EXACT_SHARED_GSIS_ID,89.0707,81.4649,25.5312,,,80.0736,67.2324,58.0,0.88,51.04,42.3632,7,24,second_round_board_context_review,draft_capital_anchor_warning:day_three_skepticism_cap,athletic_prior|recruiting_prior,missing_recruiting_prior|combine_percentile_normalization_not_governed|missing_athletic_prior_component|missing_recruiting_prior_component|draft_capital_anchor_warning|market_context_excluded_from_private_value,usable_with_confidence_cap,REVIEW_ONLY_SOURCE_LIMITED,,Rookie Analyzer Review Score,2026 Rookie Review Rank,Review-Only,model_v4_sprint_12_13_review_0.1.1,model_v4_sprint_14e_rookie_draft_review_0.1.0,MODEL_V4_2026_COMPATIBLE_INPUT_PACK_V1,NWR_MODEL_V4_2026_ROOKIE_BOARD_REVIEW_V1
SAR527100,Elijah Sarratt,WR,BAL,Indiana,4,115,22.910806,EXACT_IDENTITY_PARTIAL_EVIDENCE,EXACT_SHARED_GSIS_ID,86.2573,67.3623,45.7812,,,91.928,70.0593,58.0,0.88,51.04,42.3632,17,25,second_round_board_context_review,draft_capital_anchor_warning:day_three_skepticism_cap,athletic_prior|recruiting_prior,missing_recruiting_prior|combine_percentile_normalization_not_governed|missing_athletic_prior_component|missing_recruiting_prior_component|draft_capital_anchor_warning|market_context_excluded_from_private_value,usable_with_confidence_cap,REVIEW_ONLY_SOURCE_LIMITED,,Rookie Analyzer Review Score,2026 Rookie Review Rank,Review-Only,model_v4_sprint_12_13_review_0.1.1,model_v4_sprint_14e_rookie_draft_review_0.1.0,MODEL_V4_2026_COMPATIBLE_INPUT_PACK_V1,NWR_MODEL_V4_2026_ROOKIE_BOARD_REVIEW_V1
CLA041524,Demond Claiborne,RB,MIN,Wake Forest,6,198,22.543926,EXACT_IDENTITY_PARTIAL_EVIDENCE,EXACT_SHARED_GSIS_ID,82.9651,78.6871,22.4375,,,89.4509,64.3282,58.0,0.88,51.04,42.3632,8,26,second_round_board_context_review,draft_capital_anchor_warning:day_three_skepticism_cap,athletic_prior|recruiting_prior,missing_recruiting_prior|combine_percentile_normalization_not_governed|missing_athletic_prior_component|missing_recruiting_prior_component|draft_capital_anchor_warning|market_context_excluded_from_private_value,usable_with_confidence_cap,REVIEW_ONLY_SOURCE_LIMITED,,Rookie Analyzer Review Score,2026 Rookie Review Rank,Review-Only,model_v4_sprint_12_13_review_0.1.1,model_v4_sprint_14e_rookie_draft_review_0.1.0,MODEL_V4_2026_COMPATIBLE_INPUT_PACK_V1,NWR_MODEL_V4_2026_ROOKIE_BOARD_REVIEW_V1
THO495568,Brenen Thompson,WR,LAC,Mississippi St.,4,105,22.752007,EXACT_IDENTITY_PARTIAL_EVIDENCE,EXACT_SHARED_GSIS_ID,68.5984,83.8408,48.5938,,,92.9866,68.5965,58.0,0.88,51.04,42.3632,18,27,second_round_board_context_review,draft_capital_anchor_warning:day_three_skepticism_cap,athletic_prior|recruiting_prior,missing_recruiting_prior|combine_percentile_normalization_not_governed|missing_athletic_prior_component|missing_recruiting_prior_component|draft_capital_anchor_warning|market_context_excluded_from_private_value,usable_with_confidence_cap,REVIEW_ONLY_SOURCE_LIMITED,,Rookie Analyzer Review Score,2026 Rookie Review Rank,Review-Only,model_v4_sprint_12_13_review_0.1.1,model_v4_sprint_14e_rookie_draft_review_0.1.0,MODEL_V4_2026_COMPATIBLE_INPUT_PACK_V1,NWR_MODEL_V4_2026_ROOKIE_BOARD_REVIEW_V1
RAN022436,Adam Randall,RB,BAL,Clemson,5,174,21.78005,EXACT_IDENTITY_PARTIAL_EVIDENCE,EXACT_SHARED_GSIS_ID,76.7993,88.9794,29.1875,,,97.1995,67.3598,58.0,0.88,51.04,42.3632,9,28,second_round_board_context_review,draft_capital_anchor_warning:day_three_skepticism_cap,athletic_prior|recruiting_prior,missing_recruiting_prior|combine_percentile_normalization_not_governed|missing_athletic_prior_component|missing_recruiting_prior_component|draft_capital_anchor_warning|market_context_excluded_from_private_value,usable_with_confidence_cap,REVIEW_ONLY_SOURCE_LIMITED,,Rookie Analyzer Review Score,2026 Rookie Review Rank,Review-Only,model_v4_sprint_12_13_review_0.1.1,model_v4_sprint_14e_rookie_draft_review_0.1.0,MODEL_V4_2026_COMPATIBLE_INPUT_PACK_V1,NWR_MODEL_V4_2026_ROOKIE_BOARD_REVIEW_V1
DAN490797,CJ Daniels,WR,LAR,Miami (FL),6,197,24.304401,EXACT_IDENTITY_PARTIAL_EVIDENCE,EXACT_SHARED_GSIS_ID,91.5681,44.0206,22.7188,,,72.7437,57.5587,57.5587,0.88,50.6517,42.0409,19,29,second_round_board_context_review,draft_capital_anchor_warning:day_three_skepticism_cap,athletic_prior|recruiting_prior,missing_recruiting_prior|combine_percentile_normalization_not_governed|missing_athletic_prior_component|missing_recruiting_prior_component|draft_capital_anchor_warning|market_context_excluded_from_private_value,usable_with_confidence_cap,REVIEW_ONLY_SOURCE_LIMITED,,Rookie Analyzer Review Score,2026 Rookie Review Rank,Review-Only,model_v4_sprint_12_13_review_0.1.1,model_v4_sprint_14e_rookie_draft_review_0.1.0,MODEL_V4_2026_COMPATIBLE_INPUT_PACK_V1,NWR_MODEL_V4_2026_ROOKIE_BOARD_REVIEW_V1
MEN516487,Fernando Mendoza,QB,LVR,Indiana,1,1,22.560354,EXACT_IDENTITY_PARTIAL_EVIDENCE,EXACT_SHARED_GSIS_ID,86.8792,88.7946,100.0,,,98.9978,92.4608,92.4608,0.88,81.3655,41.8707,1,30,second_round_board_context_review,none,athletic_prior|recruiting_prior,missing_recruiting_prior|combine_percentile_normalization_not_governed|missing_athletic_prior_component|missing_recruiting_prior_component|market_context_excluded_from_private_value,usable_with_confidence_cap,REVIEW_ONLY_SOURCE_LIMITED,,Rookie Analyzer Review Score,2026 Rookie Review Rank,Review-Only,model_v4_sprint_12_13_review_0.1.1,model_v4_sprint_14e_rookie_draft_review_0.1.0,MODEL_V4_2026_COMPATIBLE_INPUT_PACK_V1,NWR_MODEL_V4_2026_ROOKIE_BOARD_REVIEW_V1
LAN311008,Ja'Kobi Lane,WR,BAL,USC,3,80,21.717078,EXACT_IDENTITY_PARTIAL_EVIDENCE,EXACT_SHARED_GSIS_ID,47.1636,51.7253,58.2353,,,99.8861,56.6794,56.6793,0.88,49.8778,41.3986,20,31,depth_board_context_review,none,athletic_prior|recruiting_prior,missing_recruiting_prior|combine_percentile_normalization_not_governed|missing_athletic_prior_component|missing_recruiting_prior_component|market_context_excluded_from_private_value,usable_with_confidence_cap,REVIEW_ONLY_SOURCE_LIMITED,,Rookie Analyzer Review Score,2026 Rookie Review Rank,Review-Only,model_v4_sprint_12_13_review_0.1.1,model_v4_sprint_14e_rookie_draft_review_0.1.0,MODEL_V4_2026_COMPATIBLE_INPUT_PACK_V1,NWR_MODEL_V4_2026_ROOKIE_BOARD_REVIEW_V1
CAM108646,Josh Cameron,WR,JAX,Baylor,6,191,23.105197,EXACT_IDENTITY_PARTIAL_EVIDENCE,EXACT_SHARED_GSIS_ID,63.479,69.1185,24.4062,,,90.632,55.6861,55.6863,0.88,49.0039,40.6732,21,32,depth_board_context_review,draft_capital_anchor_warning:day_three_skepticism_cap,athletic_prior|recruiting_prior,missing_recruiting_prior|combine_percentile_normalization_not_governed|missing_athletic_prior_component|missing_recruiting_prior_component|draft_capital_anchor_warning|market_context_excluded_from_private_value,usable_with_confidence_cap,REVIEW_ONLY_SOURCE_LIMITED,,Rookie Analyzer Review Score,2026 Rookie Review Rank,Review-Only,model_v4_sprint_12_13_review_0.1.1,model_v4_sprint_14e_rookie_draft_review_0.1.0,MODEL_V4_2026_COMPATIBLE_INPUT_PACK_V1,NWR_MODEL_V4_2026_ROOKIE_BOARD_REVIEW_V1
THO417520,Zavion Thomas,WR,CHI,LSU,3,89,22.190736,EXACT_IDENTITY_PARTIAL_EVIDENCE,EXACT_SHARED_GSIS_ID,51.6022,46.4367,54.5294,,,96.7284,55.5888,55.5888,0.88,48.9181,40.602,22,33,depth_board_context_review,none,athletic_prior|recruiting_prior,missing_recruiting_prior|combine_percentile_normalization_not_governed|missing_athletic_prior_component|missing_recruiting_prior_component|market_context_excluded_from_private_value,usable_with_confidence_cap,REVIEW_ONLY_SOURCE_LIMITED,,Rookie Analyzer Review Score,2026 Rookie Review Rank,Review-Only,model_v4_sprint_12_13_review_0.1.1,model_v4_sprint_14e_rookie_draft_review_0.1.0,MODEL_V4_2026_COMPATIBLE_INPUT_PACK_V1,NWR_MODEL_V4_2026_ROOKIE_BOARD_REVIEW_V1
BON235618,Lewis Bond,WR,HOU,Boston Col.,6,204,22.908068,EXACT_IDENTITY_PARTIAL_EVIDENCE,EXACT_SHARED_GSIS_ID,80.2017,75.0427,20.75,,,91.9462,62.1834,58.0,0.84,48.72,40.4376,23,34,watchlist_or_data_incomplete_context_review,draft_capital_anchor_warning:day_three_skepticism_cap,athletic_prior|recruiting_prior,missing_recruiting_prior|missing_combine_evidence|missing_prospect_or_college_evidence|combine_absent_not_zero_filled|missing_athletic_prior_component|missing_recruiting_prior_component|draft_capital_anchor_warning|market_context_excluded_from_private_value,capped_review_required,REVIEW_ONLY_SOURCE_LIMITED,,Rookie Analyzer Review Score,2026 Rookie Review Rank,Review-Only,model_v4_sprint_12_13_review_0.1.1,model_v4_sprint_14e_rookie_draft_review_0.1.0,MODEL_V4_2026_COMPATIBLE_INPUT_PACK_V1,NWR_MODEL_V4_2026_ROOKIE_BOARD_REVIEW_V1
ALL092954,Cyrus Allen,WR,KAN,Cincinnati,5,176,23.201024,EXACT_IDENTITY_PARTIAL_EVIDENCE,EXACT_SHARED_GSIS_ID,64.7043,72.7754,28.625,,,89.984,58.2184,58.0,0.84,48.72,40.4376,24,35,watchlist_or_data_incomplete_context_review,draft_capital_anchor_warning:day_three_skepticism_cap,athletic_prior|recruiting_prior,missing_recruiting_prior|missing_combine_evidence|missing_prospect_or_college_evidence|combine_absent_not_zero_filled|missing_athletic_prior_component|missing_recruiting_prior_component|draft_capital_anchor_warning|market_context_excluded_from_private_value,capped_review_required,REVIEW_ONLY_SOURCE_LIMITED,,Rookie Analyzer Review Score,2026 Rookie Review Rank,Review-Only,model_v4_sprint_12_13_review_0.1.1,model_v4_sprint_14e_rookie_draft_review_0.1.0,MODEL_V4_2026_COMPATIBLE_INPUT_PACK_V1,NWR_MODEL_V4_2026_ROOKIE_BOARD_REVIEW_V1
LAN016345,Bryce Lance,WR,NOR,North Dakota St.,4,136,23.680158,EXACT_IDENTITY_PARTIAL_EVIDENCE,EXACT_SHARED_GSIS_ID,78.2495,94.3644,39.875,,,82.4975,70.9835,58.0,0.84,48.72,40.4376,25,36,watchlist_or_data_incomplete_context_review,draft_capital_anchor_warning:day_three_skepticism_cap,athletic_prior|recruiting_prior,missing_recruiting_prior|missing_combine_evidence|missing_prospect_or_college_evidence|combine_absent_not_zero_filled|missing_athletic_prior_component|missing_recruiting_prior_component|draft_capital_anchor_warning|market_context_excluded_from_private_value,capped_review_required,REVIEW_ONLY_SOURCE_LIMITED,,Rookie Analyzer Review Score,2026 Rookie Review Rank,Review-Only,model_v4_sprint_12_13_review_0.1.1,model_v4_sprint_14e_rookie_draft_review_0.1.0,MODEL_V4_2026_COMPATIBLE_INPUT_PACK_V1,NWR_MODEL_V4_2026_ROOKIE_BOARD_REVIEW_V1
WIL189259,CJ Williams,WR,JAX,Stanford,6,203,23.504932,EXACT_IDENTITY_PARTIAL_EVIDENCE,EXACT_SHARED_GSIS_ID,62.6706,85.8316,21.0312,,,85.2354,57.8845,57.8845,0.84,48.623,40.3571,26,37,watchlist_or_data_incomplete_context_review,draft_capital_anchor_warning:day_three_skepticism_cap,athletic_prior|recruiting_prior,missing_recruiting_prior|missing_combine_evidence|missing_prospect_or_college_evidence|combine_absent_not_zero_filled|missing_athletic_prior_component|missing_recruiting_prior_component|draft_capital_anchor_warning|market_context_excluded_from_private_value,capped_review_required,REVIEW_ONLY_SOURCE_LIMITED,,Rookie Analyzer Review Score,2026 Rookie Review Rank,Review-Only,model_v4_sprint_12_13_review_0.1.1,model_v4_sprint_14e_rookie_draft_review_0.1.0,MODEL_V4_2026_COMPATIBLE_INPUT_PACK_V1,NWR_MODEL_V4_2026_ROOKIE_BOARD_REVIEW_V1
BLA097235,Kaelon Black,RB,SFO,Indiana,3,90,24.517957,EXACT_IDENTITY_PARTIAL_EVIDENCE,EXACT_SHARED_GSIS_ID,64.522,49.5464,54.1176,,,64.7845,57.8049,57.8049,0.84,48.5561,40.3016,10,38,watchlist_or_data_incomplete_context_review,none,athletic_prior|recruiting_prior,missing_recruiting_prior|missing_combine_evidence|missing_prospect_or_college_evidence|combine_absent_not_zero_filled|missing_athletic_prior_component|missing_recruiting_prior_component|market_context_excluded_from_private_value,capped_review_required,REVIEW_ONLY_SOURCE_LIMITED,,Rookie Analyzer Review Score,2026 Rookie Review Rank,Review-Only,model_v4_sprint_12_13_review_0.1.1,model_v4_sprint_14e_rookie_draft_review_0.1.0,MODEL_V4_2026_COMPATIBLE_INPUT_PACK_V1,NWR_MODEL_V4_2026_ROOKIE_BOARD_REVIEW_V1
SMI038569,Anthony Smith,WR,DAL,East Carolina,7,218,24.151078,EXACT_IDENTITY_PARTIAL_EVIDENCE,EXACT_SHARED_GSIS_ID,68.7037,78.6611,16.8125,,,75.1394,56.0935,56.0935,0.84,47.1185,39.1084,27,39,watchlist_or_data_incomplete_context_review,draft_capital_anchor_warning:day_three_skepticism_cap,athletic_prior|recruiting_prior,missing_recruiting_prior|missing_combine_evidence|missing_prospect_or_college_evidence|combine_absent_not_zero_filled|missing_athletic_prior_component|missing_recruiting_prior_component|draft_capital_anchor_warning|market_context_excluded_from_private_value,capped_review_required,REVIEW_ONLY_SOURCE_LIMITED,,Rookie Analyzer Review Score,2026 Rookie Review Rank,Review-Only,model_v4_sprint_12_13_review_0.1.1,model_v4_sprint_14e_rookie_draft_review_0.1.0,MODEL_V4_2026_COMPATIBLE_INPUT_PACK_V1,NWR_MODEL_V4_2026_ROOKIE_BOARD_REVIEW_V1
KOZ404039,Tanner Koziol,TE,JAX,Houston,5,164,22.240019,EXACT_IDENTITY_PARTIAL_EVIDENCE,EXACT_SHARED_GSIS_ID,100.0,78.2121,32.0,95.0,,98.7999,76.7857,56.0,0.88,49.28,38.3891,2,40,depth_board_context_review,model_edge_weirdness:day_three_exceptional_profile|no_premium_te_cap_warning:non_first_round_te_cap,recruiting_prior,missing_recruiting_prior|combine_percentile_normalization_not_governed|missing_recruiting_prior_component|model_edge_weirdness|no_premium_te_cap_warning|market_context_excluded_from_private_value,usable_with_confidence_cap,REVIEW_ONLY_SOURCE_LIMITED,,Rookie Analyzer Review Score,2026 Rookie Review Rank,Review-Only,model_v4_sprint_12_13_review_0.1.1,model_v4_sprint_14e_rookie_draft_review_0.1.0,MODEL_V4_2026_COMPATIBLE_INPUT_PACK_V1,NWR_MODEL_V4_2026_ROOKIE_BOARD_REVIEW_V1
ROU550040,Sam Roush,TE,CHI,Stanford,3,69,22.631539,EXACT_IDENTITY_PARTIAL_EVIDENCE,EXACT_SHARED_GSIS_ID,75.0903,57.3717,62.7647,100.0,,96.8423,73.0947,56.0,0.88,49.28,38.3891,3,41,depth_board_context_review,no_premium_te_cap_warning:non_first_round_te_cap,recruiting_prior,missing_recruiting_prior|combine_percentile_normalization_not_governed|missing_recruiting_prior_component|no_premium_te_cap_warning|market_context_excluded_from_private_value,usable_with_confidence_cap,REVIEW_ONLY_SOURCE_LIMITED,,Rookie Analyzer Review Score,2026 Rookie Review Rank,Review-Only,model_v4_sprint_12_13_review_0.1.1,model_v4_sprint_14e_rookie_draft_review_0.1.0,MODEL_V4_2026_COMPATIBLE_INPUT_PACK_V1,NWR_MODEL_V4_2026_ROOKIE_BOARD_REVIEW_V1
KLA269938,Max Klare,TE,LAR,Ohio St.,2,61,22.795814,EXACT_IDENTITY_PARTIAL_EVIDENCE,EXACT_SHARED_GSIS_ID,87.6278,33.3958,66.0588,94.6154,,96.0209,72.1239,56.0,0.88,49.28,38.3891,4,42,depth_board_context_review,no_premium_te_cap_warning:non_first_round_te_cap,recruiting_prior,missing_recruiting_prior|combine_percentile_normalization_not_governed|missing_recruiting_prior_component|no_premium_te_cap_warning|market_context_excluded_from_private_value,usable_with_confidence_cap,REVIEW_ONLY_SOURCE_LIMITED,,Rookie Analyzer Review Score,2026 Rookie Review Rank,Review-Only,model_v4_sprint_12_13_review_0.1.1,model_v4_sprint_14e_rookie_draft_review_0.1.0,MODEL_V4_2026_COMPATIBLE_INPUT_PACK_V1,NWR_MODEL_V4_2026_ROOKIE_BOARD_REVIEW_V1
JOL735174,Justin Joly,TE,DEN,North Carolina St.,5,152,21.79374,EXACT_IDENTITY_PARTIAL_EVIDENCE,EXACT_SHARED_GSIS_ID,96.0282,52.2864,35.375,92.6923,,100.0,70.7713,56.0,0.88,49.28,38.3891,5,43,depth_board_context_review,draft_capital_anchor_warning:day_three_skepticism_cap|no_premium_te_cap_warning:non_first_round_te_cap,recruiting_prior,missing_recruiting_prior|combine_percentile_normalization_not_governed|missing_recruiting_prior_component|draft_capital_anchor_warning|no_premium_te_cap_warning|market_context_excluded_from_private_value,usable_with_confidence_cap,REVIEW_ONLY_SOURCE_LIMITED,,Rookie Analyzer Review Score,2026 Rookie Review Rank,Review-Only,model_v4_sprint_12_13_review_0.1.1,model_v4_sprint_14e_rookie_draft_review_0.1.0,MODEL_V4_2026_COMPATIBLE_INPUT_PACK_V1,NWR_MODEL_V4_2026_ROOKIE_BOARD_REVIEW_V1
CUE040912,Josh Cuevas,TE,BAL,Alabama,5,173,23.581593,EXACT_IDENTITY_PARTIAL_EVIDENCE,EXACT_SHARED_GSIS_ID,77.0532,31.4163,29.4688,94.2308,,92.092,58.3596,56.0,0.88,49.28,38.3891,6,44,depth_board_context_review,draft_capital_anchor_warning:day_three_skepticism_cap|no_premium_te_cap_warning:non_first_round_te_cap,recruiting_prior,missing_recruiting_prior|combine_percentile_normalization_not_governed|missing_recruiting_prior_component|draft_capital_anchor_warning|no_premium_te_cap_warning|market_context_excluded_from_private_value,usable_with_confidence_cap,REVIEW_ONLY_SOURCE_LIMITED,,Rookie Analyzer Review Score,2026 Rookie Review Rank,Review-Only,model_v4_sprint_12_13_review_0.1.1,model_v4_sprint_14e_rookie_draft_review_0.1.0,MODEL_V4_2026_COMPATIBLE_INPUT_PACK_V1,NWR_MODEL_V4_2026_ROOKIE_BOARD_REVIEW_V1
STO806346,Eli Stowers,TE,PHI,Vanderbilt,2,54,23.025798,EXACT_IDENTITY_PARTIAL_EVIDENCE,EXACT_SHARED_GSIS_ID,93.8778,56.893,68.9412,91.9231,,94.871,79.366,56.0,0.88,49.28,38.3891,7,45,depth_board_context_review,no_premium_te_cap_warning:non_first_round_te_cap,recruiting_prior,missing_recruiting_prior|combine_percentile_normalization_not_governed|missing_recruiting_prior_component|no_premium_te_cap_warning|market_context_excluded_from_private_value,usable_with_confidence_cap,REVIEW_ONLY_SOURCE_LIMITED,,Rookie Analyzer Review Score,2026 Rookie Review Rank,Review-Only,model_v4_sprint_12_13_review_0.1.1,model_v4_sprint_14e_rookie_draft_review_0.1.0,MODEL_V4_2026_COMPATIBLE_INPUT_PACK_V1,NWR_MODEL_V4_2026_ROOKIE_BOARD_REVIEW_V1
RAR148318,Eli Raridon,TE,NWE,Notre Dame,3,95,22.196212,EXACT_IDENTITY_PARTIAL_EVIDENCE,EXACT_SHARED_GSIS_ID,50.9024,36.3745,52.0588,94.2308,,99.0189,57.6732,56.0,0.88,49.28,38.3891,8,46,depth_board_context_review,no_premium_te_cap_warning:non_first_round_te_cap,recruiting_prior,missing_recruiting_prior|combine_percentile_normalization_not_governed|missing_recruiting_prior_component|no_premium_te_cap_warning|market_context_excluded_from_private_value,usable_with_confidence_cap,REVIEW_ONLY_SOURCE_LIMITED,,Rookie Analyzer Review Score,2026 Rookie Review Rank,Review-Only,model_v4_sprint_12_13_review_0.1.1,model_v4_sprint_14e_rookie_draft_review_0.1.0,MODEL_V4_2026_COMPATIBLE_INPUT_PACK_V1,NWR_MODEL_V4_2026_ROOKIE_BOARD_REVIEW_V1
VIR271235,Reggie Virgil,WR,ARI,Texas Tech,5,143,21.947063,EXACT_IDENTITY_PARTIAL_EVIDENCE,EXACT_SHARED_GSIS_ID,57.4577,52.0153,37.9062,,,98.3529,54.1989,54.199,0.84,45.5272,37.7876,28,47,watchlist_or_data_incomplete_context_review,none,athletic_prior|recruiting_prior,missing_recruiting_prior|missing_combine_evidence|missing_prospect_or_college_evidence|combine_absent_not_zero_filled|missing_athletic_prior_component|missing_recruiting_prior_component|market_context_excluded_from_private_value,capped_review_required,REVIEW_ONLY_SOURCE_LIMITED,,Rookie Analyzer Review Score,2026 Rookie Review Rank,Review-Only,model_v4_sprint_12_13_review_0.1.1,model_v4_sprint_14e_rookie_draft_review_0.1.0,MODEL_V4_2026_COMPATIBLE_INPUT_PACK_V1,NWR_MODEL_V4_2026_ROOKIE_BOARD_REVIEW_V1
KLE258860,Marlin Klein,TE,HOU,Michigan,2,59,23.600758,EXACT_IDENTITY_PARTIAL_EVIDENCE,EXACT_SHARED_GSIS_ID,35.3432,30.673,66.8824,95.3846,,91.9962,55.0148,55.0147,0.88,48.4129,37.7136,9,48,depth_board_context_review,no_premium_te_cap_warning:non_first_round_te_cap,recruiting_prior,missing_recruiting_prior|combine_percentile_normalization_not_governed|missing_recruiting_prior_component|no_premium_te_cap_warning|market_context_excluded_from_private_value,usable_with_confidence_cap,REVIEW_ONLY_SOURCE_LIMITED,,Rookie Analyzer Review Score,2026 Rookie Review Rank,Review-Only,model_v4_sprint_12_13_review_0.1.1,model_v4_sprint_14e_rookie_draft_review_0.1.0,MODEL_V4_2026_COMPATIBLE_INPUT_PACK_V1,NWR_MODEL_V4_2026_ROOKIE_BOARD_REVIEW_V1
BEN687044,Dallen Bentley,TE,DEN,Utah,7,256,25.314688,EXACT_IDENTITY_PARTIAL_EVIDENCE,EXACT_SHARED_GSIS_ID,67.7575,61.8546,6.125,97.3077,,68.0885,54.0561,54.0562,0.88,47.5695,37.0566,10,49,depth_board_context_review,draft_capital_anchor_warning:day_three_skepticism_cap|no_premium_te_cap_warning:non_first_round_te_cap,recruiting_prior,missing_recruiting_prior|combine_percentile_normalization_not_governed|missing_recruiting_prior_component|draft_capital_anchor_warning|no_premium_te_cap_warning|market_context_excluded_from_private_value,usable_with_confidence_cap,REVIEW_ONLY_SOURCE_LIMITED,,Rookie Analyzer Review Score,2026 Rookie Review Rank,Review-Only,model_v4_sprint_12_13_review_0.1.1,model_v4_sprint_14e_rookie_draft_review_0.1.0,MODEL_V4_2026_COMPATIBLE_INPUT_PACK_V1,NWR_MODEL_V4_2026_ROOKIE_BOARD_REVIEW_V1
END438361,Jack Endries,TE,CIN,Texas,7,221,22.08122,EXACT_IDENTITY_PARTIAL_EVIDENCE,EXACT_SHARED_GSIS_ID,70.5344,32.9971,15.9688,94.2308,,99.5939,53.7127,53.7128,0.88,47.2673,36.8212,11,50,depth_board_context_review,draft_capital_anchor_warning:day_three_skepticism_cap|no_premium_te_cap_warning:non_first_round_te_cap,recruiting_prior,missing_recruiting_prior|combine_percentile_normalization_not_governed|missing_recruiting_prior_component|draft_capital_anchor_warning|no_premium_te_cap_warning|market_context_excluded_from_private_value,usable_with_confidence_cap,REVIEW_ONLY_SOURCE_LIMITED,,Rookie Analyzer Review Score,2026 Rookie Review Rank,Review-Only,model_v4_sprint_12_13_review_0.1.1,model_v4_sprint_14e_rookie_draft_review_0.1.0,MODEL_V4_2026_COMPATIBLE_INPUT_PACK_V1,NWR_MODEL_V4_2026_ROOKIE_BOARD_REVIEW_V1
HEN199637,Emmanuel Henderson Jr.,WR,SEA,Kansas,6,199,23.096984,EXACT_IDENTITY_PARTIAL_EVIDENCE,EXACT_SHARED_GSIS_ID,55.7132,71.5012,22.1562,,,90.6868,52.7808,52.781,0.84,44.336,36.7989,29,51,watchlist_or_data_incomplete_context_review,draft_capital_anchor_warning:day_three_skepticism_cap,athletic_prior|recruiting_prior,missing_recruiting_prior|missing_combine_evidence|missing_prospect_or_college_evidence|combine_absent_not_zero_filled|missing_athletic_prior_component|missing_recruiting_prior_component|draft_capital_anchor_warning|market_context_excluded_from_private_value,capped_review_required,REVIEW_ONLY_SOURCE_LIMITED,,Rookie Analyzer Review Score,2026 Rookie Review Rank,Review-Only,model_v4_sprint_12_13_review_0.1.1,model_v4_sprint_14e_rookie_draft_review_0.1.0,MODEL_V4_2026_COMPATIBLE_INPUT_PACK_V1,NWR_MODEL_V4_2026_ROOKIE_BOARD_REVIEW_V1
LAW090280,Kendrick Law,WR,DET,Kentucky,5,168,21.864925,EXACT_IDENTITY_PARTIAL_EVIDENCE,EXACT_SHARED_GSIS_ID,50.5066,63.9678,30.875,,,98.9005,52.5017,52.5015,0.84,44.1013,36.6041,30,52,watchlist_or_data_incomplete_context_review,draft_capital_anchor_warning:day_three_skepticism_cap,athletic_prior|recruiting_prior,missing_recruiting_prior|missing_combine_evidence|missing_prospect_or_college_evidence|combine_absent_not_zero_filled|missing_athletic_prior_component|missing_recruiting_prior_component|draft_capital_anchor_warning|market_context_excluded_from_private_value,capped_review_required,REVIEW_ONLY_SOURCE_LIMITED,,Rookie Analyzer Review Score,2026 Rookie Review Rank,Review-Only,model_v4_sprint_12_13_review_0.1.1,model_v4_sprint_14e_rookie_draft_review_0.1.0,MODEL_V4_2026_COMPATIBLE_INPUT_PACK_V1,NWR_MODEL_V4_2026_ROOKIE_BOARD_REVIEW_V1
BRO268113,Barion Brown,WR,NOR,LSU,6,190,22.3687,EXACT_IDENTITY_PARTIAL_EVIDENCE,EXACT_SHARED_GSIS_ID,61.5463,45.3428,24.6875,,,95.542,49.8166,49.8165,0.88,43.8385,36.386,31,53,depth_board_context_review,draft_capital_anchor_warning:day_three_skepticism_cap,athletic_prior|recruiting_prior,missing_recruiting_prior|combine_percentile_normalization_not_governed|missing_athletic_prior_component|missing_recruiting_prior_component|draft_capital_anchor_warning|market_context_excluded_from_private_value,usable_with_confidence_cap,REVIEW_ONLY_SOURCE_LIMITED,,Rookie Analyzer Review Score,2026 Rookie Review Rank,Review-Only,model_v4_sprint_12_13_review_0.1.1,model_v4_sprint_14e_rookie_draft_review_0.1.0,MODEL_V4_2026_COMPATIBLE_INPUT_PACK_V1,NWR_MODEL_V4_2026_ROOKIE_BOARD_REVIEW_V1
HIB564972,Matthew Hibner,TE,BAL,SMU,4,133,24.129174,EXACT_IDENTITY_PARTIAL_EVIDENCE,EXACT_SHARED_GSIS_ID,42.1102,34.042,40.7188,96.5385,,87.8471,50.7722,50.7722,0.88,44.6795,34.8053,12,54,depth_board_context_review,no_premium_te_cap_warning:non_first_round_te_cap,recruiting_prior,missing_recruiting_prior|combine_percentile_normalization_not_governed|missing_recruiting_prior_component|no_premium_te_cap_warning|market_context_excluded_from_private_value,usable_with_confidence_cap,REVIEW_ONLY_SOURCE_LIMITED,,Rookie Analyzer Review Score,2026 Rookie Review Rank,Review-Only,model_v4_sprint_12_13_review_0.1.1,model_v4_sprint_14e_rookie_draft_review_0.1.0,MODEL_V4_2026_COMPATIBLE_INPUT_PACK_V1,NWR_MODEL_V4_2026_ROOKIE_BOARD_REVIEW_V1
SHA375359,Bauer Sharp,TE,TAM,LSU,6,185,22.979254,EXACT_IDENTITY_PARTIAL_EVIDENCE,EXACT_SHARED_GSIS_ID,56.9667,24.8785,26.0938,95.7692,,95.1037,50.1998,50.1997,0.88,44.1757,34.4129,13,55,depth_board_context_review,no_premium_te_cap_warning:non_first_round_te_cap,recruiting_prior,missing_recruiting_prior|combine_percentile_normalization_not_governed|missing_recruiting_prior_component|no_premium_te_cap_warning|market_context_excluded_from_private_value,usable_with_confidence_cap,REVIEW_ONLY_SOURCE_LIMITED,,Rookie Analyzer Review Score,2026 Rookie Review Rank,Review-Only,model_v4_sprint_12_13_review_0.1.1,model_v4_sprint_14e_rookie_draft_review_0.1.0,MODEL_V4_2026_COMPATIBLE_INPUT_PACK_V1,NWR_MODEL_V4_2026_ROOKIE_BOARD_REVIEW_V1
KAN023071,Jaren Kanak,TE,TEN,Oklahoma,7,225,22.204426,EXACT_IDENTITY_PARTIAL_EVIDENCE,EXACT_SHARED_GSIS_ID,54.6967,40.7669,14.8438,90.0,,98.9779,49.4647,49.4648,0.88,43.529,33.9091,14,56,depth_board_context_review,draft_capital_anchor_warning:day_three_skepticism_cap|no_premium_te_cap_warning:non_first_round_te_cap,recruiting_prior,missing_recruiting_prior|combine_percentile_normalization_not_governed|missing_recruiting_prior_component|draft_capital_anchor_warning|no_premium_te_cap_warning|market_context_excluded_from_private_value,usable_with_confidence_cap,REVIEW_ONLY_SOURCE_LIMITED,,Rookie Analyzer Review Score,2026 Rookie Review Rank,Review-Only,model_v4_sprint_12_13_review_0.1.1,model_v4_sprint_14e_rookie_draft_review_0.1.0,MODEL_V4_2026_COMPATIBLE_INPUT_PACK_V1,NWR_MODEL_V4_2026_ROOKIE_BOARD_REVIEW_V1
BOE586077,Nate Boerkircher,TE,JAX,Texas A&M,2,56,24.635687,EXACT_IDENTITY_PARTIAL_EVIDENCE,EXACT_SHARED_GSIS_ID,25.1478,22.3543,68.1176,94.2308,,79.4052,49.1628,49.163,0.88,43.2634,33.7022,15,57,depth_board_context_review,no_premium_te_cap_warning:non_first_round_te_cap,recruiting_prior,missing_recruiting_prior|combine_percentile_normalization_not_governed|missing_recruiting_prior_component|no_premium_te_cap_warning|market_context_excluded_from_private_value,usable_with_confidence_cap,REVIEW_ONLY_SOURCE_LIMITED,,Rookie Analyzer Review Score,2026 Rookie Review Rank,Review-Only,model_v4_sprint_12_13_review_0.1.1,model_v4_sprint_14e_rookie_draft_review_0.1.0,MODEL_V4_2026_COMPATIBLE_INPUT_PACK_V1,NWR_MODEL_V4_2026_ROOKIE_BOARD_REVIEW_V1
TRA291459,Seydou Traore,TE,MIA,Mississippi St.,5,180,23.702061,EXACT_IDENTITY_PARTIAL_EVIDENCE,EXACT_SHARED_GSIS_ID,82.2498,43.4953,27.5,,,91.4897,57.3111,56.0,0.84,47.04,32.0154,16,58,watchlist_or_data_incomplete_context_review,draft_capital_anchor_warning:day_three_skepticism_cap|no_premium_te_cap_warning:non_first_round_te_cap,athletic_prior|recruiting_prior,missing_recruiting_prior|missing_combine_evidence|missing_prospect_or_college_evidence|combine_absent_not_zero_filled|missing_athletic_prior_component|missing_recruiting_prior_component|draft_capital_anchor_warning|no_premium_te_cap_warning|market_context_excluded_from_private_value,capped_review_required,REVIEW_ONLY_SOURCE_LIMITED,,Rookie Analyzer Review Score,2026 Rookie Review Rank,Review-Only,model_v4_sprint_12_13_review_0.1.1,model_v4_sprint_14e_rookie_draft_review_0.1.0,MODEL_V4_2026_COMPATIBLE_INPUT_PACK_V1,NWR_MODEL_V4_2026_ROOKIE_BOARD_REVIEW_V1
NOW373761,Riley Nowakowski,TE,PIT,Indiana,5,169,23.819791,EXACT_IDENTITY_PARTIAL_EVIDENCE,EXACT_SHARED_GSIS_ID,36.2291,27.1652,30.5938,96.1538,,90.901,45.0114,45.0113,0.88,39.6099,30.8561,17,59,depth_board_context_review,no_premium_te_cap_warning:non_first_round_te_cap,recruiting_prior,missing_recruiting_prior|combine_percentile_normalization_not_governed|missing_recruiting_prior_component|no_premium_te_cap_warning|market_context_excluded_from_private_value,usable_with_confidence_cap,REVIEW_ONLY_SOURCE_LIMITED,,Rookie Analyzer Review Score,2026 Rookie Review Rank,Review-Only,model_v4_sprint_12_13_review_0.1.1,model_v4_sprint_14e_rookie_draft_review_0.1.0,MODEL_V4_2026_COMPATIBLE_INPUT_PACK_V1,NWR_MODEL_V4_2026_ROOKIE_BOARD_REVIEW_V1
BEN601117,Malik Benson,WR,LVR,Oregon,6,195,23.521359,EXACT_IDENTITY_PARTIAL_EVIDENCE,EXACT_SHARED_GSIS_ID,42.1495,49.0049,23.2812,,,84.9788,42.2463,42.2463,0.84,35.4869,29.4541,32,60,watchlist_or_data_incomplete_context_review,draft_capital_anchor_warning:day_three_skepticism_cap,athletic_prior|recruiting_prior,missing_recruiting_prior|missing_combine_evidence|missing_prospect_or_college_evidence|combine_absent_not_zero_filled|missing_athletic_prior_component|missing_recruiting_prior_component|draft_capital_anchor_warning|market_context_excluded_from_private_value,capped_review_required,REVIEW_ONLY_SOURCE_LIMITED,,Rookie Analyzer Review Score,2026 Rookie Review Rank,Review-Only,model_v4_sprint_12_13_review_0.1.1,model_v4_sprint_14e_rookie_draft_review_0.1.0,MODEL_V4_2026_COMPATIBLE_INPUT_PACK_V1,NWR_MODEL_V4_2026_ROOKIE_BOARD_REVIEW_V1
MIL303300,Jam Miller,RB,NWE,Alabama,7,245,21.988131,EXACT_IDENTITY_PARTIAL_EVIDENCE,EXACT_SHARED_GSIS_ID,49.9798,45.7069,9.2188,,,95.1187,41.0235,41.0235,0.84,34.4597,28.6016,11,61,watchlist_or_data_incomplete_context_review,draft_capital_anchor_warning:day_three_skepticism_cap,athletic_prior|recruiting_prior,missing_recruiting_prior|missing_combine_evidence|missing_prospect_or_college_evidence|combine_absent_not_zero_filled|missing_athletic_prior_component|missing_recruiting_prior_component|draft_capital_anchor_warning|market_context_excluded_from_private_value,capped_review_required,REVIEW_ONLY_SOURCE_LIMITED,,Rookie Analyzer Review Score,2026 Rookie Review Rank,Review-Only,model_v4_sprint_12_13_review_0.1.1,model_v4_sprint_14e_rookie_draft_review_0.1.0,MODEL_V4_2026_COMPATIBLE_INPUT_PACK_V1,NWR_MODEL_V4_2026_ROOKIE_BOARD_REVIEW_V1
RYA022232,Carsen Ryan,TE,CLE,BYU,7,248,22.678084,EXACT_IDENTITY_PARTIAL_EVIDENCE,EXACT_SHARED_GSIS_ID,66.4146,54.8988,8.375,,,96.6096,49.0684,49.0683,0.84,41.2174,28.0526,18,62,watchlist_or_data_incomplete_context_review,draft_capital_anchor_warning:day_three_skepticism_cap|no_premium_te_cap_warning:non_first_round_te_cap,athletic_prior|recruiting_prior,missing_recruiting_prior|missing_combine_evidence|missing_prospect_or_college_evidence|combine_absent_not_zero_filled|missing_athletic_prior_component|missing_recruiting_prior_component|draft_capital_anchor_warning|no_premium_te_cap_warning|market_context_excluded_from_private_value,capped_review_required,REVIEW_ONLY_SOURCE_LIMITED,,Rookie Analyzer Review Score,2026 Rookie Review Rank,Review-Only,model_v4_sprint_12_13_review_0.1.1,model_v4_sprint_14e_rookie_draft_review_0.1.0,MODEL_V4_2026_COMPATIBLE_INPUT_PACK_V1,NWR_MODEL_V4_2026_ROOKIE_BOARD_REVIEW_V1
SIM639376,Ty Simpson,QB,LAR,Alabama,1,13,23.337919,EXACT_IDENTITY_PARTIAL_EVIDENCE,EXACT_SHARED_GSIS_ID,83.3252,86.565,91.4839,,,94.138,87.6055,58.0,0.88,51.04,26.2652,2,63,watchlist_context_review,source_shape_warning:one_qb_qb_scarcity_cap,athletic_prior|recruiting_prior,missing_recruiting_prior|combine_percentile_normalization_not_governed|missing_athletic_prior_component|missing_recruiting_prior_component|source_shape_warning|market_context_excluded_from_private_value,usable_with_confidence_cap,REVIEW_ONLY_SOURCE_LIMITED,,Rookie Analyzer Review Score,2026 Rookie Review Rank,Review-Only,model_v4_sprint_12_13_review_0.1.1,model_v4_sprint_14e_rookie_draft_review_0.1.0,MODEL_V4_2026_COMPATIBLE_INPUT_PACK_V1,NWR_MODEL_V4_2026_ROOKIE_BOARD_REVIEW_V1
GRE361852,Taylen Green,QB,CLE,Arkansas,6,182,23.518621,EXACT_IDENTITY_PARTIAL_EVIDENCE,EXACT_SHARED_GSIS_ID,90.5012,100.0,26.9375,,,93.0086,73.8861,58.0,0.88,51.04,26.2652,3,64,watchlist_context_review,model_edge_weirdness:day_three_exceptional_profile|source_shape_warning:one_qb_qb_scarcity_cap,athletic_prior|recruiting_prior,missing_recruiting_prior|combine_percentile_normalization_not_governed|missing_athletic_prior_component|missing_recruiting_prior_component|model_edge_weirdness|source_shape_warning|market_context_excluded_from_private_value,usable_with_confidence_cap,REVIEW_ONLY_SOURCE_LIMITED,,Rookie Analyzer Review Score,2026 Rookie Review Rank,Review-Only,model_v4_sprint_12_13_review_0.1.1,model_v4_sprint_14e_rookie_draft_review_0.1.0,MODEL_V4_2026_COMPATIBLE_INPUT_PACK_V1,NWR_MODEL_V4_2026_ROOKIE_BOARD_REVIEW_V1
ALL015451,Drew Allar,QB,PIT,Penn St.,3,76,22.127764,EXACT_IDENTITY_PARTIAL_EVIDENCE,EXACT_SHARED_GSIS_ID,73.8958,52.8581,59.8824,,,100.0,67.1216,58.0,0.88,51.04,26.2652,4,65,watchlist_context_review,source_shape_warning:one_qb_qb_scarcity_cap,athletic_prior|recruiting_prior,missing_recruiting_prior|combine_percentile_normalization_not_governed|missing_athletic_prior_component|missing_recruiting_prior_component|source_shape_warning|market_context_excluded_from_private_value,usable_with_confidence_cap,REVIEW_ONLY_SOURCE_LIMITED,,Rookie Analyzer Review Score,2026 Rookie Review Rank,Review-Only,model_v4_sprint_12_13_review_0.1.1,model_v4_sprint_14e_rookie_draft_review_0.1.0,MODEL_V4_2026_COMPATIBLE_INPUT_PACK_V1,NWR_MODEL_V4_2026_ROOKIE_BOARD_REVIEW_V1
KLU066027,Cade Klubnik,QB,NYJ,Clemson,4,110,22.541188,EXACT_IDENTITY_PARTIAL_EVIDENCE,EXACT_SHARED_GSIS_ID,88.4803,81.1487,47.1875,,,99.1176,75.3013,58.0,0.88,51.04,26.2652,5,66,watchlist_context_review,draft_capital_anchor_warning:day_three_skepticism_cap|source_shape_warning:one_qb_qb_scarcity_cap,athletic_prior|recruiting_prior,missing_recruiting_prior|combine_percentile_normalization_not_governed|missing_athletic_prior_component|missing_recruiting_prior_component|draft_capital_anchor_warning|source_shape_warning|market_context_excluded_from_private_value,usable_with_confidence_cap,REVIEW_ONLY_SOURCE_LIMITED,,Rookie Analyzer Review Score,2026 Rookie Review Rank,Review-Only,model_v4_sprint_12_13_review_0.1.1,model_v4_sprint_14e_rookie_draft_review_0.1.0,MODEL_V4_2026_COMPATIBLE_INPUT_PACK_V1,NWR_MODEL_V4_2026_ROOKIE_BOARD_REVIEW_V1
PAY546690,Cole Payton,QB,PHI,North Dakota St.,5,178,23.496718,EXACT_IDENTITY_PARTIAL_EVIDENCE,EXACT_SHARED_GSIS_ID,87.4721,97.9412,28.0625,,,93.1455,72.647,58.0,0.84,48.72,25.0713,6,67,watchlist_or_data_incomplete_context_review,model_edge_weirdness:day_three_exceptional_profile|source_shape_warning:one_qb_qb_scarcity_cap,athletic_prior|recruiting_prior,missing_recruiting_prior|missing_combine_evidence|missing_prospect_or_college_evidence|combine_absent_not_zero_filled|missing_athletic_prior_component|missing_recruiting_prior_component|model_edge_weirdness|source_shape_warning|market_context_excluded_from_private_value,capped_review_required,REVIEW_ONLY_SOURCE_LIMITED,,Rookie Analyzer Review Score,2026 Rookie Review Rank,Review-Only,model_v4_sprint_12_13_review_0.1.1,model_v4_sprint_14e_rookie_draft_review_0.1.0,MODEL_V4_2026_COMPATIBLE_INPUT_PACK_V1,NWR_MODEL_V4_2026_ROOKIE_BOARD_REVIEW_V1
KAL252591,Athan Kaliakmanis,QB,WAS,Rutgers,7,223,22.680822,EXACT_IDENTITY_PARTIAL_EVIDENCE,EXACT_SHARED_GSIS_ID,84.3328,80.0,15.4062,,,98.2449,63.8687,58.0,0.84,48.72,25.0713,7,68,watchlist_or_data_incomplete_context_review,draft_capital_anchor_warning:day_three_skepticism_cap|source_shape_warning:one_qb_qb_scarcity_cap,athletic_prior|recruiting_prior,missing_recruiting_prior|missing_combine_evidence|missing_prospect_or_college_evidence|combine_absent_not_zero_filled|missing_athletic_prior_component|missing_recruiting_prior_component|draft_capital_anchor_warning|source_shape_warning|market_context_excluded_from_private_value,capped_review_required,REVIEW_ONLY_SOURCE_LIMITED,,Rookie Analyzer Review Score,2026 Rookie Review Rank,Review-Only,model_v4_sprint_12_13_review_0.1.1,model_v4_sprint_14e_rookie_draft_review_0.1.0,MODEL_V4_2026_COMPATIBLE_INPUT_PACK_V1,NWR_MODEL_V4_2026_ROOKIE_BOARD_REVIEW_V1
WET055619,Kaden Wetjen,WR,PIT,Iowa,4,121,24.129174,EXACT_IDENTITY_PARTIAL_EVIDENCE,EXACT_SHARED_GSIS_ID,19.5003,26.7516,44.0938,,,75.4817,34.0511,34.0511,0.88,29.965,24.8709,33,69,watchlist_context_review,none,athletic_prior|recruiting_prior,missing_recruiting_prior|combine_percentile_normalization_not_governed|missing_athletic_prior_component|missing_recruiting_prior_component|market_context_excluded_from_private_value,usable_with_confidence_cap,REVIEW_ONLY_SOURCE_LIMITED,,Rookie Analyzer Review Score,2026 Rookie Review Rank,Review-Only,model_v4_sprint_12_13_review_0.1.1,model_v4_sprint_14e_rookie_draft_review_0.1.0,MODEL_V4_2026_COMPATIBLE_INPUT_PACK_V1,NWR_MODEL_V4_2026_ROOKIE_BOARD_REVIEW_V1
MOR767384,Behren Morton,QB,NWE,Texas Tech,7,234,24.268808,EXACT_IDENTITY_PARTIAL_EVIDENCE,EXACT_SHARED_GSIS_ID,73.9882,65.3148,12.3125,,,85.5199,54.4328,54.4327,0.88,47.9008,24.6498,8,70,watchlist_context_review,draft_capital_anchor_warning:day_three_skepticism_cap|source_shape_warning:one_qb_qb_scarcity_cap,athletic_prior|recruiting_prior,missing_recruiting_prior|combine_percentile_normalization_not_governed|missing_athletic_prior_component|missing_recruiting_prior_component|draft_capital_anchor_warning|source_shape_warning|market_context_excluded_from_private_value,usable_with_confidence_cap,REVIEW_ONLY_SOURCE_LIMITED,,Rookie Analyzer Review Score,2026 Rookie Review Rank,Review-Only,model_v4_sprint_12_13_review_0.1.1,model_v4_sprint_14e_rookie_draft_review_0.1.0,MODEL_V4_2026_COMPATIBLE_INPUT_PACK_V1,NWR_MODEL_V4_2026_ROOKIE_BOARD_REVIEW_V1
KAC282861,Will Kacmarek,TE,MIA,Ohio St.,3,87,23.195548,EXACT_IDENTITY_PARTIAL_EVIDENCE,EXACT_SHARED_GSIS_ID,36.0862,14.0243,55.3529,,,94.0223,42.1576,42.1575,0.84,35.4123,24.1016,19,71,watchlist_or_data_incomplete_context_review,no_premium_te_cap_warning:non_first_round_te_cap,athletic_prior|recruiting_prior,missing_recruiting_prior|missing_combine_evidence|missing_prospect_or_college_evidence|combine_absent_not_zero_filled|missing_athletic_prior_component|missing_recruiting_prior_component|no_premium_te_cap_warning|market_context_excluded_from_private_value,capped_review_required,REVIEW_ONLY_SOURCE_LIMITED,,Rookie Analyzer Review Score,2026 Rookie Review Rank,Review-Only,model_v4_sprint_12_13_review_0.1.1,model_v4_sprint_14e_rookie_draft_review_0.1.0,MODEL_V4_2026_COMPATIBLE_INPUT_PACK_V1,NWR_MODEL_V4_2026_ROOKIE_BOARD_REVIEW_V1
NUS440041,Garrett Nussmeier,QB,KAN,LSU,7,249,24.21405,EXACT_IDENTITY_PARTIAL_EVIDENCE,EXACT_SHARED_GSIS_ID,71.4702,58.8941,8.0938,,,86.4325,50.7927,50.7927,0.88,44.6976,23.0014,9,72,watchlist_context_review,draft_capital_anchor_warning:day_three_skepticism_cap|source_shape_warning:one_qb_qb_scarcity_cap,athletic_prior|recruiting_prior,missing_recruiting_prior|combine_percentile_normalization_not_governed|missing_athletic_prior_component|missing_recruiting_prior_component|draft_capital_anchor_warning|source_shape_warning|market_context_excluded_from_private_value,usable_with_confidence_cap,REVIEW_ONLY_SOURCE_LIMITED,,Rookie Analyzer Review Score,2026 Rookie Review Rank,Review-Only,model_v4_sprint_12_13_review_0.1.1,model_v4_sprint_14e_rookie_draft_review_0.1.0,MODEL_V4_2026_COMPATIBLE_INPUT_PACK_V1,NWR_MODEL_V4_2026_ROOKIE_BOARD_REVIEW_V1
BRE060106,Max Bredeson,TE,MIN,Michigan,5,159,23.556952,EXACT_IDENTITY_PARTIAL_EVIDENCE,EXACT_SHARED_GSIS_ID,8.3022,1.6654,33.4062,,,92.2152,22.3524,22.3524,0.84,18.776,12.7789,20,73,watchlist_or_data_incomplete_context_review,no_premium_te_cap_warning:non_first_round_te_cap,athletic_prior|recruiting_prior,missing_recruiting_prior|missing_combine_evidence|missing_prospect_or_college_evidence|combine_absent_not_zero_filled|missing_athletic_prior_component|missing_recruiting_prior_component|no_premium_te_cap_warning|market_context_excluded_from_private_value,capped_review_required,REVIEW_ONLY_SOURCE_LIMITED,,Rookie Analyzer Review Score,2026 Rookie Review Rank,Review-Only,model_v4_sprint_12_13_review_0.1.1,model_v4_sprint_14e_rookie_draft_review_0.1.0,MODEL_V4_2026_COMPATIBLE_INPUT_PACK_V1,NWR_MODEL_V4_2026_ROOKIE_BOARD_REVIEW_V1
,De'Zhaun Stribling,WR,SFO,Mississippi,2,33,,BLOCKED_UNRESOLVED_IDENTITY,UNRESOLVED_SOURCE_GSIS_ID,,,,,,,,,,,,,,blocked_unranked,,production|market_share|draft_capital|athletic_prior|recruiting_prior|age_lifecycle,blocked_unresolved_identity,fail_closed,BLOCKED_IDENTITY,Canonical nflverse draft row has no exact GSIS player_id.,Rookie Analyzer Review Score,2026 Rookie Review Rank,Review-Only,model_v4_sprint_12_13_review_0.1.1,model_v4_sprint_14e_rookie_draft_review_0.1.0,MODEL_V4_2026_COMPATIBLE_INPUT_PACK_V1,NWR_MODEL_V4_2026_ROOKIE_BOARD_REVIEW_V1
,Carson Beck,QB,ARI,Miami (FL),3,65,,BLOCKED_UNRESOLVED_IDENTITY,UNRESOLVED_SOURCE_GSIS_ID,,,,,,,,,,,,,,blocked_unranked,,production|market_share|draft_capital|athletic_prior|recruiting_prior|age_lifecycle,blocked_unresolved_identity,fail_closed,BLOCKED_IDENTITY,Canonical nflverse draft row has no exact GSIS player_id.,Rookie Analyzer Review Score,2026 Rookie Review Rank,Review-Only,model_v4_sprint_12_13_review_0.1.1,model_v4_sprint_14e_rookie_draft_review_0.1.0,MODEL_V4_2026_COMPATIBLE_INPUT_PACK_V1,NWR_MODEL_V4_2026_ROOKIE_BOARD_REVIEW_V1
,Oscar Delp,TE,NOR,Georgia,3,73,,BLOCKED_UNRESOLVED_IDENTITY,UNRESOLVED_SOURCE_GSIS_ID,,,,,,,,,,,,,,blocked_unranked,,production|market_share|draft_capital|athletic_prior|recruiting_prior|age_lifecycle,blocked_unresolved_identity,fail_closed,BLOCKED_IDENTITY,Canonical nflverse draft row has no exact GSIS player_id.,Rookie Analyzer Review Score,2026 Rookie Review Rank,Review-Only,model_v4_sprint_12_13_review_0.1.1,model_v4_sprint_14e_rookie_draft_review_0.1.0,MODEL_V4_2026_COMPATIBLE_INPUT_PACK_V1,NWR_MODEL_V4_2026_ROOKIE_BOARD_REVIEW_V1
,Colbie Young,WR,CIN,Georgia,4,140,,BLOCKED_UNRESOLVED_IDENTITY,UNRESOLVED_SOURCE_GSIS_ID,,,,,,,,,,,,,,blocked_unranked,,production|market_share|draft_capital|athletic_prior|recruiting_prior|age_lifecycle,blocked_unresolved_identity,fail_closed,BLOCKED_IDENTITY,Canonical nflverse draft row has no exact GSIS player_id.,Rookie Analyzer Review Score,2026 Rookie Review Rank,Review-Only,model_v4_sprint_12_13_review_0.1.1,model_v4_sprint_14e_rookie_draft_review_0.1.0,MODEL_V4_2026_COMPATIBLE_INPUT_PACK_V1,NWR_MODEL_V4_2026_ROOKIE_BOARD_REVIEW_V1
,Nicholas Singleton,RB,TEN,Penn St.,5,165,,BLOCKED_UNRESOLVED_IDENTITY,UNRESOLVED_SOURCE_GSIS_ID,,,,,,,,,,,,,,blocked_unranked,,production|market_share|draft_capital|athletic_prior|recruiting_prior|age_lifecycle,blocked_unresolved_identity,fail_closed,BLOCKED_IDENTITY,Canonical nflverse draft row has no exact GSIS player_id.,Rookie Analyzer Review Score,2026 Rookie Review Rank,Review-Only,model_v4_sprint_12_13_review_0.1.1,model_v4_sprint_14e_rookie_draft_review_0.1.0,MODEL_V4_2026_COMPATIBLE_INPUT_PACK_V1,NWR_MODEL_V4_2026_ROOKIE_BOARD_REVIEW_V1
,Joe Royer,TE,CLE,Cincinnati,5,170,,BLOCKED_UNRESOLVED_IDENTITY,UNRESOLVED_SOURCE_GSIS_ID,,,,,,,,,,,,,,blocked_unranked,,production|market_share|draft_capital|athletic_prior|recruiting_prior|age_lifecycle,blocked_unresolved_identity,fail_closed,BLOCKED_IDENTITY,Canonical nflverse draft row has no exact GSIS player_id.,Rookie Analyzer Review Score,2026 Rookie Review Rank,Review-Only,model_v4_sprint_12_13_review_0.1.1,model_v4_sprint_14e_rookie_draft_review_0.1.0,MODEL_V4_2026_COMPATIBLE_INPUT_PACK_V1,NWR_MODEL_V4_2026_ROOKIE_BOARD_REVIEW_V1
,Deion Burks,WR,IND,Oklahoma,7,254,,BLOCKED_UNRESOLVED_IDENTITY,UNRESOLVED_SOURCE_GSIS_ID,,,,,,,,,,,,,,blocked_unranked,,production|market_share|draft_capital|athletic_prior|recruiting_prior|age_lifecycle,blocked_unresolved_identity,fail_closed,BLOCKED_IDENTITY,Canonical nflverse draft row has no exact GSIS player_id.,Rookie Analyzer Review Score,2026 Rookie Review Rank,Review-Only,model_v4_sprint_12_13_review_0.1.1,model_v4_sprint_14e_rookie_draft_review_0.1.0,MODEL_V4_2026_COMPATIBLE_INPUT_PACK_V1,NWR_MODEL_V4_2026_ROOKIE_BOARD_REVIEW_V1
