season,player_id,player_name,position,round,pick,training_max_season,cohort_scope,cohort_rows,predicted_points,baseline_points,actual_points,absolute_error,baseline_absolute_error
2016,00-0033106,Jared Goff,QB,1,1,2015,POSITION_ROUND,10,182.58,4.16,53.16,129.42,49.0
2016,00-0032950,Carson Wentz,QB,1,2,2015,POSITION_ROUND,10,182.58,4.16,209.48,26.9,205.32
2016,00-0033045,Ezekiel Elliott,RB,1,4,2015,POSITION_FALLBACK,83,34.5,34.5,309.4,274.9,274.9
2016,00-0032966,Corey Coleman,WR,1,15,2015,POSITION_ROUND,18,98.85,14.7,76.8,22.05,62.1
2016,00-0033127,Will Fuller,WR,1,21,2015,POSITION_ROUND,18,98.85,14.7,104.7,5.85,90.0
2016,00-0032760,Josh Doctson,WR,1,22,2015,POSITION_ROUND,18,98.85,14.7,7.6,91.25,7.1
2016,00-0032951,Laquon Treadwell,WR,1,23,2015,POSITION_ROUND,18,98.85,14.7,2.0,96.85,12.7
2016,00-0033108,Paxton Lynch,QB,1,26,2015,POSITION_ROUND,10,182.58,4.16,28.38,154.2,24.22
2016,00-0033090,Hunter Henry,TE,2,35,2015,POSITION_ROUND,8,48.2,8.1,111.8,63.6,103.7
2016,00-0032385,Sterling Shepard,WR,2,40,2015,POSITION_ROUND,18,72.45,14.7,151.9,79.45,137.2
2016,00-0032764,Derrick Henry,RB,2,45,2015,POSITION_ROUND,12,101.95,34.5,99.2,2.75,64.7
2016,00-0032765,Michael Thomas,WR,2,47,2015,POSITION_ROUND,18,72.45,14.7,209.7,137.25,195.0
2016,00-0032953,Christian Hackenberg,QB,2,51,2015,POSITION_FALLBACK,42,4.16,4.16,0.0,4.16,4.16
2016,00-0033009,Tyler Boyd,WR,2,55,2015,POSITION_ROUND,18,72.45,14.7,97.1,24.65,82.4
2016,00-0033118,Kenyan Drake,RB,3,73,2015,POSITION_ROUND,11,74.5,34.5,45.0,29.5,10.5
2016,00-0032392,Austin Hooper,TE,3,81,2015,POSITION_ROUND,10,23.75,8.1,54.6,30.85,46.5
2016,00-0033069,Braxton Miller,WR,3,85,2015,POSITION_ROUND,18,45.35,14.7,23.4,21.95,8.7
2016,00-0033060,Leonte Carroo,WR,3,86,2015,POSITION_ROUND,18,45.35,14.7,10.4,34.95,4.3
2016,00-0032393,C.J. Prosise,RB,3,90,2015,POSITION_ROUND,11,74.5,34.5,52.5,22.0,18.0
2016,00-0033119,Jacoby Brissett,QB,3,91,2015,POSITION_FALLBACK,42,4.16,4.16,28.3,24.14,24.14
2016,00-0033104,Cody Kessler,QB,3,93,2015,POSITION_FALLBACK,42,4.16,4.16,75.0,70.84,70.84
2016,00-0032394,Nick Vannett,TE,3,94,2015,POSITION_ROUND,10,23.75,8.1,4.7,19.05,3.4
2016,00-0032893,Connor Cook,QB,4,100,2015,POSITION_ROUND,8,1.62,4.16,6.0,4.38,1.84
2016,00-0032398,Chris Moore,WR,4,107,2015,POSITION_ROUND,21,9.2,14.7,16.0,6.8,1.3
2016,00-0033110,Tyler Higbee,TE,4,110,2015,POSITION_FALLBACK,57,8.1,8.1,20.0,11.9,11.9
2016,00-0032400,Malcolm Mitchell,WR,4,112,2015,POSITION_ROUND,21,9.2,14.7,80.1,70.9,65.4
2016,00-0033079,Ricardo Louis,WR,4,114,2015,POSITION_ROUND,21,9.2,14.7,29.5,20.3,14.8
2016,00-0033111,Pharoh Cooper,WR,4,117,2015,POSITION_ROUND,21,9.2,14.7,15.6,6.4,0.9
2016,00-0032404,Tyler Ervin,RB,4,119,2015,POSITION_ROUND,15,31.8,34.5,-0.4,32.2,34.9
2016,00-0032775,Demarcus Robinson,WR,4,126,2015,POSITION_ROUND,21,9.2,14.7,0.0,9.2,14.7
2016,00-0032411,Kenneth Dixon,RB,4,134,2015,POSITION_ROUND,15,31.8,34.5,87.4,55.6,52.9
2016,00-0033077,Dak Prescott,QB,4,135,2015,POSITION_ROUND,8,1.62,4.16,286.88,285.26,282.72
2016,00-0032972,Devontae Booker,RB,4,136,2015,POSITION_ROUND,15,31.8,34.5,127.2,95.4,92.7
2016,00-0033080,Seth Devalve,TE,4,138,2015,POSITION_FALLBACK,57,8.1,8.1,29.7,21.6,21.6
2016,00-0033098,Cardale Jones,QB,4,139,2015,POSITION_ROUND,8,1.62,4.16,1.74,0.12,2.42
2016,00-0032778,Tajae Sharpe,WR,5,140,2015,POSITION_ROUND,15,10.3,14.7,84.8,74.5,70.1
2016,00-0032940,DeAndre Washington,RB,5,143,2015,POSITION_ROUND,12,31.3,34.5,76.7,45.4,42.2
2016,00-0032417,Paul Perkins,RB,5,149,2015,POSITION_ROUND,12,31.3,34.5,69.3,38.0,34.8
2016,00-0032780,Jordan Howard,RB,5,150,2015,POSITION_ROUND,12,31.3,34.5,215.6,184.3,181.1
2016,00-0032782,Wendell Smallwood,RB,5,153,2015,POSITION_ROUND,12,31.3,34.5,49.7,18.4,15.2
2016,00-0032974,Jordan Payton,WR,5,154,2015,POSITION_ROUND,15,10.3,14.7,0.8,9.5,13.9
2016,00-0032975,Jonathan Williams,RB,5,156,2015,POSITION_ROUND,12,31.3,34.5,11.9,19.4,22.6
2016,00-0032784,Kevin Hogan,QB,5,162,2015,POSITION_FALLBACK,42,4.16,4.16,16.66,12.5,12.5
2016,00-0032423,Trevor Davis,WR,5,163,2015,POSITION_ROUND,15,10.3,14.7,7.9,2.4,6.8
2016,00-0033040,Tyreek Hill,WR,5,165,2015,POSITION_ROUND,15,10.3,14.7,186.5,176.2,171.8
2016,00-0032426,Alex Collins,RB,5,171,2015,POSITION_ROUND,12,31.3,34.5,30.4,0.9,4.1
2016,00-0032977,Rashard Higgins,WR,5,172,2015,POSITION_ROUND,15,10.3,14.7,10.7,0.4,4.0
2016,00-0033112,Temarrick Hemingway,TE,6,177,2015,POSITION_ROUND,9,2.0,8.1,0.0,2.0,8.1
2016,00-0032341,Moritz Boehringer,WR,6,180,2015,POSITION_ROUND,17,0.0,14.7,0.0,0.0,14.7
2016,00-0033078,Keenan Reynolds,RB,6,182,2015,POSITION_ROUND,16,4.0,34.5,0.0,4.0,34.5
2016,00-0032429,Jerell Adams,TE,6,184,2015,POSITION_ROUND,9,2.0,8.1,26.2,24.2,18.1
2016,00-0032791,Jakeem Grant,WR,6,186,2015,POSITION_ROUND,17,0.0,14.7,4.1,4.1,10.6
2016,00-0032792,Nate Sudfeld,QB,6,187,2015,POSITION_FALLBACK,42,4.16,4.16,0.0,4.16,4.16
2016,00-0032430,David Morgan,TE,6,188,2015,POSITION_ROUND,9,2.0,8.1,0.9,1.1,7.2
2016,00-0032431,Jake Rudock,QB,6,191,2015,POSITION_FALLBACK,42,4.16,4.16,0.0,4.16,4.16
2016,00-0032957,Kolby Listenbee,WR,6,192,2015,POSITION_ROUND,17,0.0,14.7,0.0,0.0,14.7
2016,00-0032795,Cody Core,WR,6,199,2015,POSITION_ROUND,17,0.0,14.7,28.5,28.5,13.8
2016,00-0032434,Brandon Allen,QB,6,201,2015,POSITION_FALLBACK,42,4.16,4.16,0.0,4.16,4.16
2016,00-0033114,Mike Thomas,WR,6,206,2015,POSITION_ROUND,17,0.0,14.7,3.2,3.2,11.5
2016,00-0032436,Jeff Driskel,QB,6,207,2015,POSITION_FALLBACK,42,4.16,4.16,0.0,4.16,4.16
2016,00-0032440,Kelvin Taylor,RB,6,211,2015,POSITION_ROUND,16,4.0,34.5,0.0,4.0,34.5
2016,00-0032441,Aaron Burbridge,WR,6,213,2015,POSITION_ROUND,17,0.0,14.7,10.3,10.3,4.4
2016,00-0033049,Darius Jackson,RB,6,216,2015,POSITION_ROUND,16,4.0,34.5,0.0,4.0,34.5
2016,00-0033054,Rico Gathers,TE,6,217,2015,POSITION_ROUND,9,2.0,8.1,0.0,2.0,8.1
2016,00-0032446,Brandon Doughty,QB,7,223,2015,POSITION_FALLBACK,42,4.16,4.16,0.0,4.16,4.16
2016,00-0032447,Devin Lucien,WR,7,225,2015,POSITION_ROUND,20,0.65,14.7,0.0,0.65,14.7
2016,00-0032365,Demarcus Ayers,WR,7,229,2015,POSITION_ROUND,20,0.65,14.7,13.1,12.45,1.6
2016,00-0032801,Daniel Braverman,WR,7,230,2015,POSITION_ROUND,20,0.65,14.7,0.0,0.65,14.7
2016,00-0033061,Thomas Duarte,TE,7,231,2015,POSITION_ROUND,13,0.0,8.1,0.0,0.0,8.1
2016,00-0032450,Dwayne Washington,RB,7,236,2015,POSITION_ROUND,12,0.0,34.5,43.7,43.7,9.2
2016,00-0032804,Daniel Lasco,RB,7,237,2015,POSITION_ROUND,12,0.0,34.5,5.3,5.3,29.2
2016,00-0032451,Devin Fuller,WR,7,238,2015,POSITION_ROUND,20,0.65,14.7,0.0,0.65,14.7
2016,00-0032959,Charone Peake,WR,7,241,2015,POSITION_ROUND,20,0.65,14.7,28.1,27.45,13.4
2016,00-0032806,Keith Marshall,RB,7,242,2015,POSITION_ROUND,12,0.0,34.5,0.0,0.0,34.5
2016,00-0032453,Kenny Lawler,WR,7,243,2015,POSITION_ROUND,20,0.65,14.7,0.0,0.65,14.7
2016,00-0032808,Zac Brooks,RB,7,247,2015,POSITION_ROUND,12,0.0,34.5,0.0,0.0,34.5
2016,00-0032900,Beau Sandland,TE,7,252,2015,POSITION_ROUND,13,0.0,8.1,0.0,0.0,8.1
2017,00-0033869,Mitchell Trubisky,QB,1,2,2016,POSITION_ROUND,13,177.66,4.16,132.52,45.14,128.36
2017,00-0033856,Leonard Fournette,RB,1,4,2016,POSITION_FALLBACK,103,34.3,34.3,212.2,177.9,177.9
2017,00-0033871,Corey Davis,WR,1,5,2016,POSITION_ROUND,22,92.7,12.95,52.5,40.2,39.55
2017,00-0033536,Mike Williams,WR,1,7,2016,POSITION_ROUND,22,92.7,12.95,15.0,77.7,2.05
2017,00-0033280,Christian McCaffrey,RB,1,8,2016,POSITION_FALLBACK,103,34.3,34.3,188.6,154.3,154.3
2017,00-0033460,John Ross,WR,1,9,2016,POSITION_ROUND,22,92.7,12.95,-0.8,93.5,13.75
2017,00-0033873,Patrick Mahomes,QB,1,10,2016,POSITION_ROUND,13,177.66,4.16,10.36,167.3,6.2
2017,00-0033537,Deshaun Watson,QB,1,12,2016,POSITION_ROUND,13,177.66,4.16,164.86,12.8,160.7
2017,00-0033879,O.J. Howard,TE,1,19,2016,POSITION_FALLBACK,68,7.6,7.6,88.2,80.6,80.6
2017,00-0033881,Evan Engram,TE,1,23,2016,POSITION_FALLBACK,68,7.6,7.6,141.6,134.0,134.0
2017,00-0033885,David Njoku,TE,1,29,2016,POSITION_FALLBACK,68,7.6,7.6,78.7,71.1,71.1
2017,00-0033891,Zay Jones,WR,2,37,2016,POSITION_ROUND,21,78.6,12.95,57.1,21.5,44.15
2017,00-0033282,Curtis Samuel,WR,2,40,2016,POSITION_ROUND,21,78.6,12.95,25.4,53.2,12.45
2017,00-0033893,Dalvin Cook,RB,2,41,2016,POSITION_ROUND,13,103.4,34.3,59.9,43.5,25.6
2017,00-0033895,Gerald Everett,TE,2,44,2016,POSITION_ROUND,9,51.8,7.6,43.7,8.1,36.1
2017,00-0033896,Adam Shaheen,TE,2,45,2016,POSITION_ROUND,9,51.8,7.6,36.7,15.1,29.1
2017,00-0033897,Joe Mixon,RB,2,48,2016,POSITION_ROUND,13,103.4,34.3,126.3,22.9,92.0
2017,00-0033899,DeShone Kizer,QB,2,52,2016,POSITION_FALLBACK,57,4.16,4.16,175.66,171.5,171.5
2017,00-0033857,JuJu Smith-Schuster,WR,2,62,2016,POSITION_ROUND,21,78.6,12.95,168.7,90.1,155.75
2017,00-0033906,Alvin Kamara,RB,3,67,2016,POSITION_ROUND,13,64.7,34.3,277.9,213.2,243.6
2017,00-0033908,Cooper Kupp,WR,3,69,2016,POSITION_ROUND,20,35.7,12.95,145.9,110.2,132.95
2017,00-0033911,Taywan Taylor,WR,3,72,2016,POSITION_ROUND,20,35.7,12.95,41.4,5.7,28.45
2017,00-0033916,ArDarius Stewart,WR,3,79,2016,POSITION_ROUND,20,35.7,12.95,13.9,21.8,0.95
2017,00-0033919,Carlos Henderson,WR,3,82,2016,POSITION_ROUND,20,35.7,12.95,0.0,35.7,12.95
2017,00-0033921,Chris Godwin,WR,3,84,2016,POSITION_ROUND,20,35.7,12.95,75.5,39.8,62.55
2017,00-0033923,Kareem Hunt,RB,3,86,2016,POSITION_ROUND,13,64.7,34.3,268.7,204.0,234.4
2017,00-0033550,Davis Webb,QB,3,87,2016,POSITION_FALLBACK,57,4.16,4.16,0.0,4.16,4.16
2017,00-0033925,D'Onta Foreman,RB,3,89,2016,POSITION_ROUND,13,64.7,34.3,54.0,10.7,19.7
2017,00-0033932,Kenny Golladay,WR,3,96,2016,POSITION_ROUND,20,35.7,12.95,80.6,44.9,67.65
2017,00-0033933,Chad Williams,WR,3,98,2016,POSITION_ROUND,20,35.7,12.95,7.9,27.8,5.05
2017,00-0033858,Jonnu Smith,TE,3,100,2016,POSITION_ROUND,12,23.75,7.6,36.7,12.95,29.1
2017,00-0033936,C.J. Beathard,QB,3,104,2016,POSITION_FALLBACK,57,4.16,4.16,88.8,84.64,84.64
2017,00-0033553,James Conner,RB,3,105,2016,POSITION_ROUND,13,64.7,34.3,14.4,50.3,19.9
2017,00-0033937,Amara Darboh,WR,3,106,2016,POSITION_ROUND,20,35.7,12.95,11.1,24.6,1.85
2017,00-0033839,Dede Westbrook,WR,4,110,2016,POSITION_ROUND,26,11.35,12.95,53.4,42.05,40.45
2017,00-0033526,Samaje Perine,RB,4,114,2016,POSITION_ROUND,18,39.0,34.3,97.5,58.5,63.2
2017,00-0033943,Josh Reynolds,WR,4,117,2016,POSITION_ROUND,26,11.35,12.95,21.9,10.55,8.95
2017,00-0033555,Mack Hollins,WR,4,118,2016,POSITION_ROUND,26,11.35,12.95,36.6,25.25,23.65
2017,00-0033556,Tarik Cohen,RB,4,119,2016,POSITION_ROUND,18,39.0,34.3,123.64,84.64,89.34
2017,00-0033286,Joe Williams,RB,4,121,2016,POSITION_ROUND,18,39.0,34.3,0.0,39.0,34.3
2017,00-0033559,Michael Roberts,TE,4,127,2016,POSITION_ROUND,9,9.6,7.6,6.6,3.0,1.0
2017,00-0033859,Josh Malone,WR,4,128,2016,POSITION_ROUND,26,11.35,12.95,15.5,4.15,2.55
2017,00-0033561,Donnel Pumphrey,RB,4,132,2016,POSITION_ROUND,18,39.0,34.3,0.0,39.0,34.3
2017,00-0033562,Ryan Switzer,WR,4,133,2016,POSITION_ROUND,26,11.35,12.95,11.6,0.25,1.35
2017,00-0033948,Jamaal Williams,RB,4,134,2016,POSITION_ROUND,18,39.0,34.3,130.3,91.3,96.0
2017,00-0033949,Joshua Dobbs,QB,4,135,2016,POSITION_ROUND,11,1.84,4.16,0.0,1.84,4.16
2017,00-0033464,Jehu Chesson,WR,4,139,2016,POSITION_ROUND,26,11.35,12.95,2.8,8.55,10.15
2017,00-0033950,Wayne Gallman,RB,4,140,2016,POSITION_ROUND,18,39.0,34.3,87.9,48.9,53.6
2017,00-0033840,Chad Hansen,WR,4,141,2016,POSITION_ROUND,26,11.35,12.95,13.9,2.55,0.95
2017,00-0033951,Marlon Mack,RB,4,143,2016,POSITION_ROUND,18,39.0,34.3,92.8,53.8,58.5
2017,00-0033564,Jake Butt,TE,5,145,2016,POSITION_ROUND,8,10.65,7.6,0.0,10.65,7.6
2017,00-0033288,George Kittle,TE,5,146,2016,POSITION_ROUND,8,10.65,7.6,85.0,74.35,77.4
2017,00-0033953,Jordan Leggett,TE,5,150,2016,POSITION_ROUND,8,10.65,7.6,0.0,10.65,7.6
2017,00-0033528,Jeremy Sprinkle,TE,5,154,2016,POSITION_ROUND,8,10.65,7.6,8.3,2.35,0.7
2017,00-0033567,Brian Hill,RB,5,156,2016,POSITION_ROUND,18,33.95,34.3,8.3,25.65,26.0
2017,00-0033955,Jeremy McNichols,RB,5,162,2016,POSITION_ROUND,18,33.95,34.3,0.0,33.95,34.3
2017,00-0033573,Shelton Gibson,WR,5,166,2016,POSITION_ROUND,20,10.5,12.95,2.1,8.4,10.85
2017,00-0033957,Rodney Adams,WR,5,170,2016,POSITION_ROUND,20,10.5,12.95,0.0,10.5,12.95
2017,00-0033958,Nathan Peterman,QB,5,171,2016,POSITION_FALLBACK,57,4.16,4.16,9.54,5.38,5.38
2017,00-0033466,Isaiah McKenzie,WR,5,172,2016,POSITION_ROUND,20,10.5,12.95,1.3,9.2,11.65
2017,00-0033576,Eric Saubert,TE,5,174,2016,POSITION_ROUND,8,10.65,7.6,0.0,10.65,7.6
2017,00-0033291,DeAngelo Yancey,WR,5,175,2016,POSITION_ROUND,20,10.5,12.95,0.0,10.5,12.95
2017,00-0033292,Trent Taylor,WR,5,177,2016,POSITION_ROUND,20,10.5,12.95,74.5,64.0,61.55
2017,00-0033789,T.J. Logan,RB,5,179,2016,POSITION_ROUND,18,33.95,34.3,0.0,33.95,34.3
2017,00-0033293,Aaron Jones,RB,5,182,2016,POSITION_ROUND,18,33.95,34.3,75.5,41.55,41.2
2017,00-0033295,Elijah McGuire,RB,6,188,2016,POSITION_ROUND,19,0.7,34.3,65.7,65.0,31.4
2017,00-0033966,Bucky Hodges,TE,6,201,2016,POSITION_ROUND,13,1.4,7.6,0.0,1.4,7.6
2017,00-0033581,De'Angelo Henderson,RB,6,203,2016,POSITION_ROUND,19,0.7,34.3,11.9,11.2,22.4
2017,00-0033791,Brandon Wilson,RB,6,207,2016,POSITION_ROUND,19,0.7,34.3,0.0,0.7,34.3
2017,00-0033530,Robert Davis,WR,6,209,2016,POSITION_ROUND,23,0.0,12.95,0.0,0.0,12.95
2017,00-0033585,Brad Kaaya,QB,6,215,2016,POSITION_ROUND,9,0.0,4.16,0.0,0.0,4.16
2017,00-0033968,Stacy Coley,WR,7,219,2016,POSITION_ROUND,26,0.0,12.95,0.0,0.0,12.95
2017,00-0033589,David Moore,WR,7,226,2016,POSITION_ROUND,26,0.0,12.95,0.0,0.0,12.95
2017,00-0033471,Isaiah Ford,WR,7,237,2016,POSITION_ROUND,26,0.0,12.95,0.0,0.0,12.95
2017,00-0033304,Devante Mays,RB,7,238,2016,POSITION_ROUND,16,0.0,34.3,-0.4,0.4,34.7
2017,00-0033591,Noah Brown,WR,7,239,2016,POSITION_ROUND,26,0.0,12.95,5.3,5.3,7.65
2017,00-0033797,Khalfani Muhammad,RB,7,241,2016,POSITION_ROUND,16,0.0,34.3,0.0,0.0,34.3
2017,00-0033975,Elijah Hood,RB,7,242,2016,POSITION_ROUND,16,0.0,34.3,0.0,0.0,34.3
2017,00-0033305,Malachi Dupre,WR,7,247,2016,POSITION_ROUND,26,0.0,12.95,0.0,0.0,12.95
2017,00-0033594,Chris Carson,RB,7,249,2016,POSITION_ROUND,16,0.0,34.3,36.2,36.2,1.9
2017,00-0033798,Mason Schreck,TE,7,251,2016,POSITION_ROUND,15,0.0,7.6,0.0,0.0,7.6
2017,00-0033596,Matthew Dayes,RB,7,252,2016,POSITION_ROUND,16,0.0,34.3,6.2,6.2,28.1
2017,00-0033597,Chad Kelly,QB,7,253,2016,POSITION_ROUND,8,0.0,4.16,0.0,0.0,4.16
2018,00-0034855,Baker Mayfield,QB,1,1,2017,POSITION_ROUND,16,176.52,3.08,236.1,59.58,233.02
2018,00-0034844,Saquon Barkley,RB,1,2,2017,POSITION_ROUND,8,211.0,34.55,338.3,127.3,303.75
2018,00-0034869,Sam Darnold,QB,1,3,2017,POSITION_ROUND,16,176.52,3.08,168.1,8.42,165.02
2018,00-0034857,Josh Allen,QB,1,7,2017,POSITION_ROUND,16,176.52,3.08,204.86,28.34,201.78
2018,00-0034343,Josh Rosen,QB,1,10,2017,POSITION_ROUND,16,176.52,3.08,110.92,65.6,107.84
2018,00-0034827,D.J. Moore,WR,1,24,2017,POSITION_ROUND,25,78.9,12.25,129.5,50.6,117.25
2018,00-0034830,Hayden Hurst,TE,1,25,2017,POSITION_FALLBACK,82,7.6,7.6,28.8,21.2,21.2
2018,00-0034837,Calvin Ridley,WR,1,26,2017,POSITION_ROUND,25,78.9,12.25,174.8,95.9,162.55
2018,00-0034750,Rashaad Penny,RB,1,27,2017,POSITION_ROUND,8,211.0,34.55,65.9,145.1,31.35
2018,00-0034845,Sony Michel,RB,1,31,2017,POSITION_ROUND,8,211.0,34.55,135.6,75.4,101.05
2018,00-0034796,Lamar Jackson,QB,1,32,2017,POSITION_ROUND,16,176.52,3.08,157.54,18.98,154.46
2018,00-0034791,Nick Chubb,RB,2,35,2017,POSITION_ROUND,15,103.4,34.55,184.5,81.1,149.95
2018,00-0034816,Ronald Jones II,RB,2,38,2017,POSITION_ROUND,15,103.4,34.55,17.2,86.2,17.35
2018,00-0034348,Courtland Sutton,WR,2,40,2017,POSITION_ROUND,24,77.15,12.25,115.3,38.15,103.05
2018,00-0034829,Mike Gesicki,TE,2,42,2017,POSITION_ROUND,11,46.9,7.6,29.2,17.7,21.6
2018,00-0034349,Kerryon Johnson,RB,2,43,2017,POSITION_ROUND,15,103.4,34.55,123.4,20.0,88.85
2018,00-0034860,Dante Pettis,WR,2,44,2017,POSITION_ROUND,24,77.15,12.25,90.0,12.85,77.75
2018,00-0034775,Christian Kirk,WR,2,47,2017,POSITION_ROUND,24,77.15,12.25,102.0,24.85,89.75
2018,00-0034351,Dallas Goedert,TE,2,49,2017,POSITION_ROUND,11,46.9,7.6,73.9,27.0,66.3
2018,00-0034353,Anthony Miller,WR,2,51,2017,POSITION_ROUND,24,77.15,12.25,103.72,26.57,91.47
2018,00-0034358,Derrius Guice,RB,2,59,2017,POSITION_ROUND,15,103.4,34.55,0.0,103.4,34.55
2018,00-0034676,James Washington,WR,2,60,2017,POSITION_ROUND,24,77.15,12.25,35.7,41.45,23.45
2018,00-0034777,DJ Chark,WR,2,61,2017,POSITION_ROUND,24,77.15,12.25,22.4,54.75,10.15
2018,00-0034838,Royce Freeman,RB,3,71,2017,POSITION_ROUND,17,70.7,34.55,94.3,23.6,59.75
2018,00-0034771,Mason Rudolph,QB,3,76,2017,POSITION_ROUND,9,68.9,3.08,0.0,68.9,3.08
2018,00-0034764,Michael Gallup,WR,3,81,2017,POSITION_ROUND,28,32.45,12.25,79.2,46.75,66.95
2018,00-0034753,Mark Andrews,TE,3,86,2017,POSITION_ROUND,13,24.4,7.6,90.2,65.8,82.6
2018,00-0034765,Tre'Quan Smith,WR,3,91,2017,POSITION_ROUND,28,32.45,12.25,86.7,54.25,74.45
2018,00-0034364,Jordan Akins,TE,3,98,2017,POSITION_ROUND,13,24.4,7.6,31.0,6.6,23.4
2018,00-0034365,Ian Thomas,TE,4,101,2017,POSITION_ROUND,10,9.05,7.6,63.3,54.25,55.7
2018,00-0034366,Keke Coutee,WR,4,103,2017,POSITION_ROUND,33,13.0,12.25,48.7,35.7,36.45
2018,00-0034367,Nyheim Hines,RB,4,104,2017,POSITION_ROUND,25,53.0,34.55,129.4,76.4,94.85
2018,00-0034772,Antonio Callaway,WR,4,105,2017,POSITION_ROUND,33,13.0,12.25,108.8,95.8,96.55
2018,00-0034766,Chris Herndon,TE,4,107,2017,POSITION_ROUND,10,9.05,7.6,93.7,84.65,86.1
2018,00-0034369,Kyle Lauletta,QB,4,108,2017,POSITION_ROUND,12,2.54,3.08,-2.2,4.74,5.28
2018,00-0034679,Mark Walton,RB,4,112,2017,POSITION_ROUND,25,53.0,34.55,10.0,43.0,24.55
2018,00-0034370,DaeSean Hamilton,WR,4,113,2017,POSITION_ROUND,33,13.0,12.25,51.3,38.3,39.05
2018,00-0034159,Will Dissly,TE,4,120,2017,POSITION_ROUND,10,9.05,7.6,31.6,22.55,24.0
2018,00-0034798,Durham Smythe,TE,4,123,2017,POSITION_ROUND,10,9.05,7.6,8.0,1.05,0.4
2018,00-0034378,Ito Smith,RB,4,126,2017,POSITION_ROUND,25,53.0,34.55,84.2,31.2,49.65
2018,00-0034799,Kalen Ballage,RB,4,131,2017,POSITION_ROUND,25,53.0,34.55,33.2,19.8,1.35
2018,00-0034267,Jaleel Scott,WR,4,132,2017,POSITION_ROUND,33,13.0,12.25,0.0,13.0,12.25
2018,00-0034268,J'Mon Moore,WR,4,133,2017,POSITION_ROUND,33,13.0,12.25,0.5,12.5,11.75
2018,00-0034681,Chase Edmonds,RB,4,134,2017,POSITION_ROUND,25,53.0,34.55,53.1,0.1,18.55
2018,00-0034383,Dalton Schultz,TE,4,137,2017,POSITION_ROUND,10,9.05,7.6,17.6,8.55,10.0
2018,00-0034386,Justin Watson,WR,5,144,2017,POSITION_ROUND,25,4.9,12.25,1.0,3.9,11.25
2018,00-0034393,Troy Fumagalli,TE,5,156,2017,POSITION_ROUND,13,7.6,7.6,0.0,7.6,7.6
2018,00-0034270,Tyler Conklin,TE,5,157,2017,POSITION_ROUND,13,7.6,7.6,10.2,2.6,2.6
2018,00-0034395,Daurice Fountain,WR,5,159,2017,POSITION_ROUND,25,4.9,12.25,0.0,4.9,12.25
2018,00-0034271,Jordan Lasley,WR,5,162,2017,POSITION_ROUND,25,4.9,12.25,0.0,4.9,12.25
2018,00-0034331,Jaylen Samuels,TE,5,165,2017,POSITION_ROUND,13,7.6,7.6,76.5,68.9,68.9
2018,00-0034400,Jordan Wilkins,RB,5,169,2017,POSITION_ROUND,22,31.15,34.55,52.1,20.95,17.55
2018,00-0034401,Mike White,QB,5,171,2017,POSITION_FALLBACK,67,3.08,3.08,0.0,3.08,3.08
2018,00-0034272,Marquez Valdes-Scantling,WR,5,174,2017,POSITION_ROUND,25,4.9,12.25,92.0,87.1,79.75
2018,00-0034273,Damion Ratley,WR,6,175,2017,POSITION_ROUND,24,0.0,12.25,20.9,20.9,8.65
2018,00-0034808,John Kelly,RB,6,176,2017,POSITION_ROUND,22,1.7,34.55,11.1,9.4,23.45
2018,00-0034406,Deon Cain,WR,6,185,2017,POSITION_ROUND,24,0.0,12.25,0.0,0.0,12.25
2018,00-0034407,Ray-Ray McCloud,WR,6,187,2017,POSITION_ROUND,24,0.0,12.25,4.5,4.5,7.75
2018,00-0034409,Dylan Cantrell,WR,6,191,2017,POSITION_ROUND,24,0.0,12.25,0.0,0.0,12.25
2018,00-0034411,Russell Gage,WR,6,194,2017,POSITION_ROUND,24,0.0,12.25,9.3,9.3,2.95
2018,00-0034278,Tremon Smith,WR,6,196,2017,POSITION_ROUND,24,0.0,12.25,0.0,0.0,12.25
2018,00-0034412,Luke Falk,QB,6,199,2017,POSITION_ROUND,10,0.0,3.08,0.0,0.0,3.08
2018,00-0034414,Boston Scott,RB,6,201,2017,POSITION_ROUND,22,1.7,34.55,0.0,1.7,34.55
2018,00-0034416,Tanner Lee,QB,6,203,2017,POSITION_ROUND,10,0.0,3.08,0.0,0.0,3.08
2018,00-0034164,Trenton Cannon,RB,6,204,2017,POSITION_ROUND,22,1.7,34.55,40.2,38.5,5.65
2018,00-0034279,Equanimeous St. Brown,WR,6,207,2017,POSITION_ROUND,24,0.0,12.25,43.8,43.8,31.55
2018,00-0034418,Cedrick Wilson Jr.,WR,6,208,2017,POSITION_ROUND,24,0.0,12.25,0.0,0.0,12.25
2018,00-0034419,Braxton Berrios,WR,6,210,2017,POSITION_ROUND,24,0.0,12.25,0.0,0.0,12.25
2018,00-0034420,Jordan Thomas,TE,6,211,2017,POSITION_ROUND,14,1.15,7.6,55.5,54.35,47.9
2018,00-0034423,Danny Etling,QB,7,219,2017,POSITION_ROUND,9,0.0,3.08,0.0,0.0,3.08
2018,00-0034732,Alex McGough,QB,7,220,2017,POSITION_ROUND,9,0.0,3.08,0.0,0.0,3.08
2018,00-0034426,Javon Wims,WR,7,224,2017,POSITION_ROUND,31,0.0,12.25,5.2,5.2,7.05
2018,00-0034427,David Williams,RB,7,226,2017,POSITION_ROUND,21,0.0,34.55,3.6,3.6,30.95
2018,00-0034747,Marcell Ateman,WR,7,228,2017,POSITION_ROUND,31,0.0,12.25,28.9,28.9,16.65
2018,00-0034432,Bo Scarbrough,RB,7,236,2017,POSITION_ROUND,21,0.0,34.55,0.0,0.0,34.55
2018,00-0034433,Nick Bawden,RB,7,237,2017,POSITION_ROUND,21,0.0,34.55,0.0,0.0,34.55
2018,00-0034286,Richie James,WR,7,240,2017,POSITION_ROUND,31,0.0,12.25,27.5,27.5,15.25
2018,00-0034438,Logan Woodside,QB,7,249,2017,POSITION_ROUND,9,0.0,3.08,0.0,0.0,3.08
2018,00-0034439,Ryan Izzo,TE,7,250,2017,POSITION_ROUND,16,0.0,7.6,0.0,0.0,7.6
2018,00-0034440,Justin Jackson,RB,7,251,2017,POSITION_ROUND,21,0.0,34.55,53.6,53.6,19.05
2018,00-0034686,Auden Tate,WR,7,253,2017,POSITION_ROUND,31,0.0,12.25,5.5,5.5,6.75
2018,00-0034442,Austin Proehl,WR,7,255,2017,POSITION_ROUND,31,0.0,12.25,0.0,0.0,12.25
2018,00-0034339,Trey Quinn,WR,7,256,2017,POSITION_ROUND,31,0.0,12.25,18.0,18.0,5.75
2019,00-0035228,Kyler Murray,QB,1,1,2018,POSITION_ROUND,21,165.62,3.0,279.28,113.66,276.28
2019,00-0035710,Daniel Jones,QB,1,6,2018,POSITION_ROUND,21,165.62,3.0,210.98,45.36,207.98
2019,00-0035229,T.J. Hockenson,TE,1,8,2018,POSITION_FALLBACK,97,9.1,9.1,64.7,55.6,55.6
2019,00-0035232,Dwayne Haskins,QB,1,15,2018,POSITION_ROUND,21,165.62,3.0,74.7,90.92,71.7
2019,00-0035644,Noah Fant,TE,1,20,2018,POSITION_FALLBACK,97,9.1,9.1,91.0,81.9,81.9
2019,00-0035700,Josh Jacobs,RB,1,24,2018,POSITION_ROUND,11,199.7,35.1,181.6,18.1,146.5
2019,00-0035662,Marquise Brown,WR,1,25,2018,POSITION_ROUND,27,81.9,12.95,123.4,41.5,110.45
2019,00-0035624,N'Keal Harry,WR,1,32,2018,POSITION_ROUND,27,81.9,12.95,33.4,48.5,20.45
2019,00-0035719,Deebo Samuel,WR,2,36,2018,POSITION_ROUND,30,77.2,12.95,158.6,81.4,145.65
2019,00-0035704,Drew Lock,QB,2,42,2018,POSITION_FALLBACK,80,3.0,3.0,68.0,65.0,65.0
2019,00-0034970,Irv Smith Jr.,TE,2,50,2018,POSITION_ROUND,13,47.4,9.1,61.1,13.7,52.0
2019,00-0035676,A.J. Brown,WR,2,51,2018,POSITION_ROUND,30,77.2,12.95,191.1,113.9,178.15
2019,00-0035631,Drew Sample,TE,2,52,2018,POSITION_ROUND,13,47.4,9.1,5.5,41.9,3.6
2019,00-0035243,Miles Sanders,RB,2,53,2018,POSITION_ROUND,19,97.4,35.1,191.7,94.3,156.6
2019,00-0035140,Mecole Hardman,WR,2,56,2018,POSITION_ROUND,30,77.2,12.95,106.5,29.3,93.55
2019,00-0035246,JJ Arcega-Whiteside,WR,2,57,2018,POSITION_ROUND,30,77.2,12.95,27.9,49.3,14.95
2019,00-0035639,Parris Campbell,WR,2,59,2018,POSITION_ROUND,30,77.2,12.95,29.1,48.1,16.15
2019,00-0035527,Andy Isabella,WR,2,62,2018,POSITION_ROUND,30,77.2,12.95,30.9,46.3,17.95
2019,00-0035640,D.K. Metcalf,WR,2,64,2018,POSITION_ROUND,30,77.2,12.95,156.1,78.9,143.15
2019,00-0035216,Diontae Johnson,WR,3,66,2018,POSITION_ROUND,30,35.7,12.95,133.6,97.9,120.65
2019,00-0034971,Jalen Hurd,WR,3,67,2018,POSITION_ROUND,30,35.7,12.95,0.0,35.7,12.95
2019,00-0035249,Josh Oliver,TE,3,69,2018,POSITION_ROUND,15,30.2,9.1,3.0,27.2,6.1
2019,00-0035664,Darrell Henderson,RB,3,70,2018,POSITION_ROUND,18,72.5,35.1,20.4,52.1,14.7
2019,00-0035685,David Montgomery,RB,3,73,2018,POSITION_ROUND,18,72.5,35.1,157.9,85.4,122.8
2019,00-0035250,Devin Singletary,RB,3,74,2018,POSITION_ROUND,18,72.5,35.1,133.4,60.9,98.3
2019,00-0035671,Jace Sternberger,TE,3,75,2018,POSITION_ROUND,15,30.2,9.1,0.0,30.2,9.1
2019,00-0035659,Terry McLaurin,WR,3,76,2018,POSITION_ROUND,30,35.7,12.95,162.9,127.2,149.95
2019,00-0035660,Kahale Warring,TE,3,86,2018,POSITION_ROUND,15,30.2,9.1,0.0,30.2,9.1
2019,00-0035657,Damien Harris,RB,3,87,2018,POSITION_ROUND,18,72.5,35.1,1.2,71.3,33.9
2019,00-0035703,Miles Boykin,WR,3,93,2018,POSITION_ROUND,30,35.7,12.95,44.3,8.6,31.35
2019,00-0035689,Dawson Knox,TE,3,96,2018,POSITION_ROUND,15,30.2,9.1,65.7,35.5,56.6
2019,00-0035251,Will Grier,QB,3,100,2018,POSITION_ROUND,10,42.35,3.0,1.32,41.03,1.68
2019,00-0034972,Alexander Mattison,RB,3,102,2018,POSITION_ROUND,18,72.5,35.1,63.4,9.1,28.3
2019,00-0035529,Hakeem Butler,WR,4,103,2018,POSITION_ROUND,38,13.45,12.95,0.0,13.45,12.95
2019,00-0035652,Ryan Finley,QB,4,104,2018,POSITION_ROUND,13,1.24,3.0,24.66,23.42,21.66
2019,00-0035256,Bryce Love,RB,4,112,2018,POSITION_ROUND,30,52.35,35.1,0.0,52.35,35.1
2019,00-0034975,Justice Hill,RB,4,113,2018,POSITION_ROUND,30,52.35,35.1,45.5,6.85,10.4
2019,00-0035589,Gary Jennings Jr,WR,4,120,2018,POSITION_ROUND,38,13.45,12.95,0.0,13.45,12.95
2019,00-0035259,Trevon Wesco,TE,4,121,2018,POSITION_ROUND,15,12.5,9.1,5.9,6.6,3.2
2019,00-0035217,Benny Snell Jr.,RB,4,122,2018,POSITION_ROUND,30,52.35,35.1,56.4,4.05,21.3
2019,00-0035590,Riley Ridley,WR,4,126,2018,POSITION_ROUND,38,13.45,12.95,9.9,3.55,3.05
2019,00-0035261,Tony Pollard,RB,4,128,2018,POSITION_ROUND,30,52.35,35.1,79.7,27.35,44.6
2019,00-0035264,Jarrett Stidham,QB,4,133,2018,POSITION_ROUND,13,1.24,3.0,-1.64,2.88,4.64
2019,00-0034981,Foster Moreau,TE,4,137,2018,POSITION_ROUND,15,12.5,9.1,57.9,45.4,48.8
2019,00-0035268,Ryquell Armstead,RB,5,140,2018,POSITION_ROUND,23,32.4,35.1,44.2,11.8,9.1
2019,00-0035222,Zach Gentry,TE,5,141,2018,POSITION_ROUND,16,7.85,9.1,0.9,6.95,8.2
2019,00-0034983,Hunter Renfrow,WR,5,149,2018,POSITION_ROUND,29,3.9,12.95,109.0,105.1,96.05
2019,00-0035273,Qadree Ollison,RB,5,152,2018,POSITION_ROUND,23,32.4,35.1,30.2,2.2,4.9
2019,00-0035275,Jordan Scarlett,RB,5,154,2018,POSITION_ROUND,23,32.4,35.1,0.9,31.5,34.2
2019,00-0035282,Easton Stick,QB,5,166,2018,POSITION_FALLBACK,80,3.0,3.0,0.0,3.0,3.0
2019,00-0035283,Clayton Thorson,QB,5,167,2018,POSITION_FALLBACK,80,3.0,3.0,0.0,3.0,3.0
2019,00-0035535,Darius Slayton,WR,5,171,2018,POSITION_ROUND,29,3.9,12.95,146.0,142.1,133.05
2019,00-0035287,KeeSean Johnson,WR,6,174,2018,POSITION_ROUND,33,0.0,12.95,33.5,33.5,20.55
2019,00-0034988,Kaden Smith,TE,6,176,2018,POSITION_ROUND,15,1.4,9.1,60.3,58.9,51.2
2019,00-0035289,Gardner Minshew II,QB,6,178,2018,POSITION_ROUND,12,0.0,3.0,223.24,223.24,220.24
2019,00-0035291,Trayveon Williams,RB,6,182,2018,POSITION_ROUND,25,2.7,35.1,0.0,2.7,35.1
2019,00-0035592,Travis Fulgham,WR,6,184,2018,POSITION_ROUND,33,0.0,12.95,0.0,0.0,12.95
2019,00-0035537,Ty Johnson,RB,6,186,2018,POSITION_ROUND,25,2.7,35.1,48.2,45.5,13.1
2019,00-0035593,Juwann Winfree,WR,6,187,2018,POSITION_ROUND,33,0.0,12.95,0.0,0.0,12.95
2019,00-0034995,Dexter Williams,RB,6,194,2018,POSITION_ROUND,25,2.7,35.1,1.1,1.6,34.0
2019,00-0035146,Trace McSorley,QB,6,197,2018,POSITION_ROUND,12,0.0,3.0,0.1,0.1,2.9
2019,00-0035296,Marcus Green,WR,6,203,2018,POSITION_ROUND,33,0.0,12.95,0.0,0.0,12.95
2019,00-0035594,Travis Homer,RB,6,204,2018,POSITION_ROUND,25,2.7,35.1,22.5,19.8,12.6
2019,00-0035297,Kelvin Harmon,WR,6,206,2018,POSITION_ROUND,33,0.0,12.95,51.94,51.94,38.99
2019,00-0035298,Scott Miller,WR,6,208,2018,POSITION_ROUND,33,0.0,12.95,34.1,34.1,21.15
2019,00-0035299,Rodney Anderson,RB,6,211,2018,POSITION_ROUND,25,2.7,35.1,0.0,2.7,35.1
2019,00-0035148,Darwin Thompson,RB,6,214,2018,POSITION_ROUND,25,2.7,35.1,27.6,24.9,7.5
2019,00-0035303,Mike Weber,RB,7,218,2018,POSITION_ROUND,25,0.0,35.1,0.0,0.0,35.1
2019,00-0035304,Cullen Gillaspia,RB,7,220,2018,POSITION_ROUND,25,0.0,35.1,0.0,0.0,35.1
2019,00-0035596,Kerrith Whyte Jr,RB,7,222,2018,POSITION_ROUND,25,0.0,35.1,13.6,13.6,21.5
2019,00-0035539,Isaac Nauta,TE,7,224,2018,POSITION_ROUND,17,0.0,9.1,2.3,2.3,6.8
2019,00-0035308,Tommy Sweeney,TE,7,228,2018,POSITION_ROUND,17,0.0,9.1,15.4,15.4,6.3
2019,00-0035309,Alizé Mack,TE,7,231,2018,POSITION_ROUND,17,0.0,9.1,0.0,0.0,9.1
2019,00-0035310,Chandler Cox,RB,7,233,2018,POSITION_ROUND,25,0.0,35.1,0.0,0.0,35.1
2019,00-0035311,Myles Gaskin,RB,7,234,2018,POSITION_ROUND,25,0.0,35.1,27.9,27.9,7.2
2019,00-0035597,John Ursua,WR,7,236,2018,POSITION_ROUND,37,0.0,12.95,1.6,1.6,11.35
2019,00-0035313,Terry Godwin,WR,7,237,2018,POSITION_ROUND,37,0.0,12.95,0.0,0.0,12.95
2019,00-0035002,Dillon Mitchell,WR,7,239,2018,POSITION_ROUND,37,0.0,12.95,0.0,0.0,12.95
2019,00-0035006,Olabisi Johnson,WR,7,247,2018,POSITION_ROUND,37,0.0,12.95,63.5,63.5,50.55
2019,00-0035320,Caleb Wilson,TE,7,254,2018,POSITION_ROUND,17,0.0,9.1,0.0,0.0,9.1
2020,00-0036442,Joe Burrow,QB,1,1,2019,POSITION_ROUND,24,170.66,3.08,173.72,3.06,170.64
2020,00-0036212,Tua Tagovailoa,QB,1,5,2019,POSITION_ROUND,24,170.66,3.08,133.46,37.2,130.38
2020,00-0036355,Justin Herbert,QB,1,6,2019,POSITION_ROUND,24,170.66,3.08,328.84,158.18,325.76
2020,00-0036357,Henry Ruggs III,WR,1,12,2019,POSITION_ROUND,29,83.9,14.15,71.1,12.8,56.95
2020,00-0036407,Jerry Jeudy,WR,1,15,2019,POSITION_ROUND,29,83.9,14.15,129.6,45.7,115.45
2020,00-0036358,CeeDee Lamb,WR,1,17,2019,POSITION_ROUND,29,83.9,14.15,178.7,94.8,164.55
2020,00-0036387,Jalen Reagor,WR,1,21,2019,POSITION_ROUND,29,83.9,14.15,69.7,14.2,55.55
2020,00-0036322,Justin Jefferson,WR,1,22,2019,POSITION_ROUND,29,83.9,14.15,226.2,142.3,212.05
2020,00-0036261,Brandon Aiyuk,WR,1,25,2019,POSITION_ROUND,29,83.9,14.15,154.5,70.6,140.35
2020,00-0036264,Jordan Love,QB,1,26,2019,POSITION_ROUND,24,170.66,3.08,0.0,170.66,3.08
2020,00-0036360,Clyde Edwards-Helaire,RB,1,32,2019,POSITION_ROUND,12,192.45,33.75,158.0,34.45,124.25
2020,00-0036410,Tee Higgins,WR,2,33,2019,POSITION_ROUND,37,78.1,14.15,161.1,83.0,146.95
2020,00-0036252,Michael Pittman Jr.,WR,2,34,2019,POSITION_ROUND,37,78.1,14.15,78.9,0.8,64.75
2020,00-0036275,D'Andre Swift,RB,2,35,2019,POSITION_ROUND,20,99.0,33.75,166.8,67.8,133.05
2020,00-0036223,Jonathan Taylor,RB,2,41,2019,POSITION_ROUND,20,99.0,33.75,234.8,135.8,201.05
2020,00-0036268,Laviska Shenault Jr.,WR,2,42,2019,POSITION_ROUND,37,78.1,14.15,128.1,50.0,113.95
2020,00-0036290,Cole Kmet,TE,2,43,2019,POSITION_ROUND,15,47.4,8.6,48.0,0.6,39.4
2020,00-0036412,KJ Hamler,WR,2,46,2019,POSITION_ROUND,37,78.1,14.15,75.1,3.0,60.95
2020,00-0036326,Chase Claypool,WR,2,49,2019,POSITION_ROUND,37,78.1,14.15,183.9,105.8,169.75
2020,00-0036414,Cam Akers,RB,2,52,2019,POSITION_ROUND,20,99.0,33.75,96.3,2.7,62.55
2020,00-0036389,Jalen Hurts,QB,2,53,2019,POSITION_FALLBACK,91,3.08,3.08,108.64,105.56,105.56
2020,00-0036158,J.K. Dobbins,RB,2,55,2019,POSITION_ROUND,20,99.0,33.75,155.5,56.5,121.75
2020,00-0036415,Van Jefferson,WR,2,57,2019,POSITION_ROUND,37,78.1,14.15,37.4,40.7,23.25
2020,00-0036255,Denzel Mims,WR,2,59,2019,POSITION_ROUND,37,78.1,14.15,47.2,30.9,33.05
2020,00-0036265,AJ Dillon,RB,2,62,2019,POSITION_ROUND,20,99.0,33.75,39.3,59.7,5.55
2020,00-0036328,Antonio Gibson,RB,3,66,2019,POSITION_ROUND,23,71.5,33.75,184.2,112.7,150.45
2020,00-0036450,Ke'Shawn Vaughn,RB,3,76,2019,POSITION_ROUND,23,71.5,33.75,20.8,50.7,12.95
2020,00-0036364,Lynn Bowden Jr.,WR,3,80,2019,POSITION_ROUND,34,38.5,14.15,39.58,1.08,25.43
2020,00-0036365,Bryan Edwards,WR,3,81,2019,POSITION_ROUND,34,38.5,14.15,30.8,7.7,16.65
2020,00-0036251,Zack Moss,RB,3,86,2019,POSITION_ROUND,23,71.5,33.75,94.6,23.1,60.85
2020,00-0036194,Devin Asiasi,TE,3,91,2019,POSITION_ROUND,19,24.4,8.6,10.9,13.5,2.3
2020,00-0036331,Devin Duvernay,WR,3,92,2019,POSITION_ROUND,34,38.5,14.15,43.1,4.6,28.95
2020,00-0036297,Darrynton Evans,RB,3,93,2019,POSITION_ROUND,23,71.5,33.75,15.1,56.4,18.65
2020,00-0036332,Josiah Deguara,TE,3,94,2019,POSITION_ROUND,19,24.4,8.6,1.7,22.7,6.9
2020,00-0036225,Dalton Keene,TE,3,101,2019,POSITION_ROUND,19,24.4,8.6,3.1,21.3,5.5
2020,00-0036422,Adam Trautman,TE,3,105,2019,POSITION_ROUND,19,24.4,8.6,30.6,6.2,22.0
2020,00-0036370,Joshua Kelley,RB,4,112,2019,POSITION_ROUND,34,47.4,33.75,69.7,22.3,35.95
2020,00-0036232,Harrison Bryant,TE,4,115,2019,POSITION_ROUND,17,12.5,8.6,49.8,37.3,41.2
2020,00-0036423,Albert Okwuegbunam,TE,4,118,2019,POSITION_ROUND,17,12.5,8.6,23.6,11.1,15.0
2020,00-0036269,La'Mical Perine,RB,4,120,2019,POSITION_ROUND,34,47.4,33.75,47.0,0.4,13.25
2020,00-0036226,Jacob Eason,QB,4,122,2019,POSITION_ROUND,15,1.24,3.08,0.0,1.24,3.08
2020,00-0036336,Anthony McFarland Jr.,RB,4,124,2019,POSITION_ROUND,34,47.4,33.75,19.7,27.7,14.05
2020,00-0036301,James Morgan,QB,4,125,2019,POSITION_ROUND,15,1.24,3.08,0.0,1.24,3.08
2020,00-0036196,Gabe Davis,WR,4,128,2019,POSITION_ROUND,41,10.4,14.15,119.4,109.0,105.25
2020,00-0036244,Colby Parkinson,TE,4,133,2019,POSITION_ROUND,17,12.5,8.6,2.6,9.9,6.0
2020,00-0036424,Brycen Hopkins,TE,4,136,2019,POSITION_ROUND,17,12.5,8.6,0.0,12.5,8.6
2020,00-0036340,Antonio Gandy-Golden,WR,4,142,2019,POSITION_ROUND,41,10.4,14.15,3.0,7.4,11.15
2020,00-0036425,DeeJay Dallas,RB,4,144,2019,POSITION_ROUND,34,47.4,33.75,48.4,1.0,14.65
2020,00-0036377,Joe Reed,WR,5,151,2019,POSITION_ROUND,31,4.9,14.15,8.9,4.0,5.25
2020,00-0036427,Tyler Johnson,WR,5,161,2019,POSITION_ROUND,31,4.9,14.15,34.9,30.0,20.75
2020,00-0036254,Collin Johnson,WR,5,165,2019,POSITION_ROUND,31,4.9,14.15,48.2,43.3,34.05
2020,00-0036277,Quintez Cephus,WR,5,166,2019,POSITION_ROUND,31,4.9,14.15,56.9,52.0,42.75
2020,00-0036197,Jake Fromm,QB,5,167,2019,POSITION_ROUND,8,0.0,3.08,0.0,0.0,3.08
2020,00-0036398,John Hightower,WR,5,168,2019,POSITION_ROUND,31,4.9,14.15,21.8,16.9,7.65
2020,00-0036308,Isaiah Coulter,WR,5,171,2019,POSITION_ROUND,31,4.9,14.15,0.0,4.9,14.15
2020,00-0036278,Jason Huntley,RB,5,172,2019,POSITION_ROUND,26,29.2,33.75,2.4,26.8,31.35
2020,00-0036309,Darnell Mooney,WR,5,173,2019,POSITION_ROUND,31,4.9,14.15,119.6,114.7,105.45
2020,00-0036345,K.J. Osborn,WR,5,176,2019,POSITION_ROUND,31,4.9,14.15,0.0,4.9,14.15
2020,00-0036233,Donovan Peoples-Jones,WR,6,187,2019,POSITION_ROUND,39,0.0,14.15,49.4,49.4,35.25
2020,00-0036312,Jake Luton,QB,6,189,2019,POSITION_ROUND,14,0.0,3.08,28.26,28.26,25.18
2020,00-0036429,Charlie Woerner,TE,6,190,2019,POSITION_ROUND,16,1.7,8.6,5.1,3.4,3.5
2020,00-0036271,Quez Watkins,WR,6,200,2019,POSITION_ROUND,39,0.0,14.15,20.1,20.1,5.95
2020,00-0036133,James Proche,WR,6,201,2019,POSITION_ROUND,39,0.0,14.15,1.9,1.9,12.25
2020,00-0036250,Tyler Davis,TE,6,206,2019,POSITION_ROUND,16,1.7,8.6,0.0,1.7,8.6
2020,00-0036165,Isaiah Hodgins,WR,6,207,2019,POSITION_ROUND,39,0.0,14.15,0.0,0.0,14.15
2020,00-0036228,Dezmon Patmon,WR,6,212,2019,POSITION_ROUND,39,0.0,14.15,0.0,0.0,14.15
2020,00-0036247,Freddie Swain,WR,6,214,2019,POSITION_ROUND,39,0.0,14.15,34.4,34.4,20.25
2020,00-0036259,Jauan Jennings,WR,7,217,2019,POSITION_ROUND,41,0.0,14.15,0.0,0.0,14.15
2020,00-0036382,K.J. Hill,WR,7,220,2019,POSITION_ROUND,41,0.0,14.15,8.8,8.8,5.35
2020,00-0036383,Eno Benjamin,RB,7,222,2019,POSITION_ROUND,30,0.0,33.75,0.0,0.0,33.75
2020,00-0036384,Ben DiNucci,QB,7,231,2019,POSITION_ROUND,12,0.0,3.08,6.96,6.96,3.88
2020,00-0036433,Tommy Stevens,QB,7,240,2019,POSITION_ROUND,12,0.0,3.08,2.4,2.4,0.68
2020,00-0036279,Nate Stanley,QB,7,244,2019,POSITION_ROUND,12,0.0,3.08,0.0,0.0,3.08
2020,00-0036435,Raymond Calais,RB,7,245,2019,POSITION_ROUND,30,0.0,33.75,0.0,0.0,33.75
2020,00-0036245,Malcolm Perry,RB,7,246,2019,POSITION_ROUND,30,0.0,33.75,20.2,20.2,13.55
2020,00-0036438,Stephen Sullivan,TE,7,251,2019,POSITION_ROUND,21,0.0,8.6,0.0,0.0,8.6
2020,00-0036439,Tyrie Cleveland,WR,7,252,2019,POSITION_ROUND,41,0.0,14.15,9.3,9.3,4.85
2021,00-0036971,Trevor Lawrence,QB,1,1,2020,POSITION_ROUND,28,167.87,3.18,195.04,27.17,191.86
2021,00-0037013,Zach Wilson,QB,1,2,2020,POSITION_ROUND,28,167.87,3.18,147.86,20.01,144.68
2021,00-0037012,Trey Lance,QB,1,3,2020,POSITION_ROUND,28,167.87,3.18,62.92,104.95,59.74
2021,00-0036970,Kyle Pitts,TE,1,4,2020,POSITION_ROUND,8,71.9,8.3,142.6,70.7,134.3
2021,00-0036900,Ja'Marr Chase,WR,1,5,2020,POSITION_ROUND,35,95.7,15.6,264.1,168.4,248.5
2021,00-0036613,Jaylen Waddle,WR,1,6,2020,POSITION_ROUND,35,95.7,15.6,193.8,98.1,178.2
2021,00-0036912,DeVonta Smith,WR,1,10,2020,POSITION_ROUND,35,95.7,15.6,151.6,55.9,136.0
2021,00-0036945,Justin Fields,QB,1,11,2020,POSITION_ROUND,28,167.87,3.18,126.8,41.07,123.62
2021,00-0036972,Mac Jones,QB,1,15,2020,POSITION_ROUND,28,167.87,3.18,220.94,53.07,217.76
2021,00-0036913,Kadarius Toney,WR,1,20,2020,POSITION_ROUND,35,95.7,15.6,62.86,32.84,47.26
2021,00-0036893,Najee Harris,RB,1,24,2020,POSITION_ROUND,13,187.2,34.25,263.7,76.5,229.45
2021,00-0036973,Travis Etienne,RB,1,25,2020,POSITION_ROUND,13,187.2,34.25,0.0,187.2,34.25
2021,00-0036550,Rashod Bateman,WR,1,27,2020,POSITION_ROUND,35,95.7,15.6,80.5,15.2,64.9
2021,00-0036980,Elijah Moore,WR,2,34,2020,POSITION_ROUND,44,79.4,15.6,116.7,37.3,101.1
2021,00-0036997,Javonte Williams,RB,2,35,2020,POSITION_ROUND,25,100.2,34.25,183.4,83.2,149.15
2021,00-0036936,Rondale Moore,WR,2,49,2020,POSITION_ROUND,44,79.4,15.6,82.1,2.7,66.5
2021,00-0036894,Pat Freiermuth,TE,2,55,2020,POSITION_ROUND,16,48.35,8.3,119.7,71.35,111.4
2021,00-0036620,D'Wayne Eskridge,WR,2,56,2020,POSITION_ROUND,44,79.4,15.6,23.3,56.1,7.7
2021,00-0036849,Tutu Atwell,WR,2,57,2020,POSITION_ROUND,44,79.4,15.6,0.0,79.4,15.6
2021,00-0036955,Terrace Marshall Jr.,WR,2,59,2020,POSITION_ROUND,44,79.4,15.6,22.3,57.1,6.7
2021,00-0036928,Kyle Trask,QB,2,64,2020,POSITION_ROUND,8,65.82,3.18,0.0,65.82,3.18
2021,00-0036946,Kellen Mond,QB,3,66,2020,POSITION_ROUND,11,12.2,3.18,0.2,12.0,2.98
2021,00-0036898,Davis Mills,QB,3,67,2020,POSITION_ROUND,11,12.2,3.18,152.96,140.76,149.78
2021,00-0036988,Josh Palmer,WR,3,77,2020,POSITION_ROUND,37,34.6,15.6,76.4,41.8,60.8
2021,00-0037004,Hunter Long,TE,3,81,2020,POSITION_ROUND,23,23.1,8.3,1.3,21.8,7.0
2021,00-0036626,Dyami Brown,WR,3,82,2020,POSITION_ROUND,37,34.6,15.6,22.1,12.5,6.5
2021,00-0037005,Tommy Tremble,TE,3,83,2020,POSITION_ROUND,23,23.1,8.3,41.1,18.0,32.8
2021,00-0036991,Amari Rodgers,WR,3,85,2020,POSITION_ROUND,37,34.6,15.6,7.6,27.0,8.0
2021,00-0036984,Trey Sermon,RB,3,88,2020,POSITION_ROUND,27,71.5,34.25,26.8,44.7,7.45
2021,00-0036554,Nico Collins,WR,3,89,2020,POSITION_ROUND,37,34.6,15.6,67.1,32.5,51.5
2021,00-0036999,Anthony Schwartz,WR,3,91,2020,POSITION_ROUND,37,34.6,15.6,28.4,6.2,12.8
2021,00-0037011,Tre' McKitty,TE,3,97,2020,POSITION_ROUND,23,23.1,8.3,7.5,15.6,0.8
2021,00-0036924,Michael Carter,RB,4,107,2020,POSITION_ROUND,38,47.0,34.25,136.4,89.4,102.15
2021,00-0036627,Dez Fitzpatrick,WR,4,109,2020,POSITION_ROUND,43,10.4,15.6,13.4,3.0,2.2
2021,00-0036963,Amon-Ra St. Brown,WR,4,112,2020,POSITION_ROUND,43,10.4,15.6,178.3,167.9,162.7
2021,00-0036842,Kene Nwangwu,RB,4,119,2020,POSITION_ROUND,38,47.0,34.25,21.0,26.0,13.25
2021,00-0036875,Rhamondre Stevenson,RB,4,120,2020,POSITION_ROUND,38,47.0,34.25,107.9,60.9,73.65
2021,00-0036628,John Bates,TE,4,124,2020,POSITION_ROUND,21,12.5,8.3,40.9,28.4,32.6
2021,00-0036555,Chuba Hubbard,RB,4,126,2020,POSITION_ROUND,38,47.0,34.25,125.1,78.1,90.85
2021,00-0036876,Kylen Granson,TE,4,127,2020,POSITION_ROUND,21,12.5,8.3,16.1,3.6,7.8
2021,00-0036877,Jaelon Darden,WR,4,129,2020,POSITION_ROUND,43,10.4,15.6,8.4,2.0,7.2
2021,00-0036630,Tylan Wallace,WR,4,131,2020,POSITION_ROUND,43,10.4,15.6,3.3,7.1,12.3
2021,00-0036929,Ian Book,QB,4,133,2020,POSITION_ROUND,17,-1.44,3.18,2.0,3.44,1.18
2021,00-0036918,Jacob Harris,WR,4,141,2020,POSITION_ROUND,43,10.4,15.6,0.0,10.4,15.6
2021,00-0036887,Luke Farrell,TE,5,145,2020,POSITION_ROUND,17,7.1,8.3,9.1,2.0,0.8
2021,00-0036556,Brevin Jordan,TE,5,147,2020,POSITION_ROUND,17,7.1,8.3,45.8,38.7,37.5
2021,00-0036919,Kenneth Gainwell,RB,5,150,2020,POSITION_ROUND,27,27.8,34.25,104.9,77.1,70.65
2021,00-0036635,Ihmir Smith-Marsette,WR,5,157,2020,POSITION_ROUND,39,9.8,15.6,26.1,16.3,10.5
2021,00-0036637,Noah Gray,TE,5,162,2020,POSITION_ROUND,17,7.1,8.3,13.1,6.0,4.8
2021,00-0036640,Zach Davidson,TE,5,168,2020,POSITION_ROUND,17,7.1,8.3,0.0,7.1,8.3
2021,00-0036646,Simi Fehoko,WR,5,179,2020,POSITION_ROUND,39,9.8,15.6,0.0,9.8,15.6
2021,00-0036647,Cornell Powell,WR,5,181,2020,POSITION_ROUND,39,9.8,15.6,0.0,9.8,15.6
2021,00-0036951,Frank Darby,WR,6,187,2020,POSITION_ROUND,45,0.0,15.6,1.9,1.9,13.7
2021,00-0036567,Elijah Mitchell,RB,6,194,2020,POSITION_ROUND,31,2.8,34.25,155.5,152.7,121.25
2021,00-0036569,Gary Brightwell,RB,6,196,2020,POSITION_ROUND,31,2.8,34.25,1.5,1.3,32.75
2021,00-0036650,Larry Rountree,RB,6,198,2020,POSITION_ROUND,31,2.8,34.25,15.1,12.3,19.15
2021,00-0036857,Chris Evans,RB,6,202,2020,POSITION_ROUND,31,2.8,34.25,42.3,39.5,8.05
2021,00-0036571,Marquez Stevenson,WR,6,203,2020,POSITION_ROUND,45,0.0,15.6,0.0,0.0,15.6
2021,00-0036572,Shi Smith,WR,6,204,2020,POSITION_ROUND,45,0.0,15.6,13.1,13.1,2.5
2021,00-0036652,Racey McMath,WR,6,205,2020,POSITION_ROUND,45,0.0,15.6,-0.2,0.2,15.8
2021,00-0036858,Jalen Camp,WR,6,209,2020,POSITION_ROUND,45,0.0,15.6,0.0,0.0,15.6
2021,00-0036654,Demetric Felton,RB,6,211,2020,POSITION_ROUND,31,2.8,34.25,41.5,38.7,7.25
2021,00-0036906,Khalil Herbert,RB,6,217,2020,POSITION_ROUND,31,2.8,34.25,71.9,69.1,37.65
2021,00-0036879,Sam Ehlinger,QB,6,218,2020,POSITION_ROUND,15,0.0,3.18,0.9,0.9,2.28
2021,00-0036657,Seth Williams,WR,6,219,2020,POSITION_ROUND,45,0.0,15.6,3.9,3.9,11.7
2021,00-0036907,Dazz Newsome,WR,6,221,2020,POSITION_ROUND,45,0.0,15.6,3.3,3.3,12.3
2021,00-0036482,Mike Strachan,WR,7,229,2020,POSITION_ROUND,44,0.65,15.6,3.6,2.95,12.0
2021,00-0036860,Jake Funk,RB,7,233,2020,POSITION_ROUND,33,0.0,34.25,0.5,0.5,33.75
2021,00-0036536,Tre Nixon,WR,7,242,2020,POSITION_ROUND,44,0.65,15.6,0.0,0.65,15.6
2021,00-0036578,Gerrid Doaks,RB,7,244,2020,POSITION_ROUND,33,0.0,34.25,0.0,0.0,34.25
2021,00-0036862,Ben Skowronek,WR,7,249,2020,POSITION_ROUND,44,0.65,15.6,18.8,18.15,3.2
2021,00-0036939,Kawaan Baker,WR,7,255,2020,POSITION_ROUND,44,0.65,15.6,0.0,0.65,15.6
2021,00-0036669,Kylin Hill,RB,7,256,2020,POSITION_ROUND,33,0.0,34.25,3.4,3.4,30.85
2021,00-0036670,Jermar Jefferson,RB,7,257,2020,POSITION_ROUND,33,0.0,34.25,23.7,23.7,10.55
2021,00-0036671,Dax Milne,WR,7,258,2020,POSITION_ROUND,44,0.65,15.6,10.9,10.25,4.7
2022,00-0037238,Drake London,WR,1,8,2021,POSITION_ROUND,40,96.85,14.9,140.6,43.75,125.7
2022,00-0037740,Garrett Wilson,WR,1,10,2021,POSITION_ROUND,40,96.85,14.9,174.2,77.35,159.3
2022,00-0037239,Chris Olave,WR,1,11,2021,POSITION_ROUND,40,96.85,14.9,160.2,63.35,145.3
2022,00-0037240,Jameson Williams,WR,1,12,2021,POSITION_ROUND,40,96.85,14.9,14.6,82.25,0.3
2022,00-0037741,Jahan Dotson,WR,1,16,2021,POSITION_ROUND,40,96.85,14.9,111.1,14.25,96.2
2022,00-0037742,Treylon Burks,WR,1,18,2021,POSITION_ROUND,40,96.85,14.9,71.6,25.25,56.7
2022,00-0038102,Kenny Pickett,QB,1,20,2021,POSITION_ROUND,33,162.12,4.7,145.86,16.26,141.16
2022,00-0038124,Christian Watson,WR,2,34,2021,POSITION_ROUND,49,77.0,14.9,143.6,66.6,128.7
2022,00-0038120,Breece Hall,RB,2,36,2021,POSITION_ROUND,26,104.8,33.8,105.6,0.8,71.8
2022,00-0038134,Kenneth Walker III,RB,2,41,2021,POSITION_ROUND,26,104.8,33.8,189.0,84.2,155.2
2022,00-0038117,Wan'Dale Robinson,WR,2,43,2021,POSITION_ROUND,49,77.0,14.9,40.1,36.9,25.2
2022,00-0037614,John Metchie,WR,2,44,2021,POSITION_ROUND,49,77.0,14.9,0.0,77.0,14.9
2022,00-0038104,Tyquan Thornton,WR,2,50,2021,POSITION_ROUND,49,77.0,14.9,55.3,21.7,40.4
2022,00-0037247,George Pickens,WR,2,52,2021,POSITION_ROUND,49,77.0,14.9,138.5,61.5,123.6
2022,00-0037664,Alec Pierce,WR,2,53,2021,POSITION_ROUND,49,77.0,14.9,91.8,14.8,76.9
2022,00-0038090,Skyy Moore,WR,2,54,2021,POSITION_ROUND,49,77.0,14.9,32.4,44.6,17.5
2022,00-0037744,Trey McBride,TE,2,55,2021,POSITION_ROUND,17,49.4,8.8,47.0,2.4,38.2
2022,00-0037248,James Cook,RB,2,63,2021,POSITION_ROUND,26,104.8,33.8,95.2,9.6,61.4
2022,00-0037745,Velus Jones Jr.,WR,3,71,2021,POSITION_ROUND,42,34.45,14.9,30.5,3.95,15.6
2022,00-0037755,Jelani Woods,TE,3,73,2021,POSITION_ROUND,26,18.3,8.8,61.7,43.4,52.9
2022,00-0038122,Desmond Ridder,QB,3,74,2021,POSITION_ROUND,13,12.2,4.7,38.72,26.52,34.02
2022,00-0037252,Greg Dulcich,TE,3,80,2021,POSITION_ROUND,26,18.3,8.8,69.6,51.3,60.8
2022,00-0038128,Malik Willis,QB,3,86,2021,POSITION_ROUND,13,12.2,4.7,19.34,7.14,14.64
2022,00-0037666,Jalen Tolbert,WR,3,88,2021,POSITION_ROUND,42,34.45,14.9,2.2,32.25,12.7
2022,00-0037256,Rachaad White,RB,3,91,2021,POSITION_ROUND,28,64.2,33.8,114.1,49.9,80.3
2022,00-0037827,Tyrion Davis-Price,RB,3,93,2021,POSITION_ROUND,28,64.2,33.8,9.9,54.3,23.9
2022,00-0038132,Matt Corral,QB,3,94,2021,POSITION_ROUND,13,12.2,4.7,0.0,12.2,4.7
2022,00-0037746,Brian Robinson Jr.,RB,3,98,2021,POSITION_ROUND,28,64.2,33.8,108.2,44.0,74.4
2022,00-0037257,David Bell,WR,3,99,2021,POSITION_ROUND,42,34.45,14.9,33.4,1.05,18.5
2022,00-0037805,Jeremy Ruckert,TE,3,101,2021,POSITION_ROUND,26,18.3,8.8,1.3,17.0,7.5
2022,00-0037828,Danny Gray,WR,3,105,2021,POSITION_ROUND,42,34.45,14.9,2.4,32.05,12.5
2022,00-0038129,Cade Otton,TE,4,106,2021,POSITION_ROUND,23,15.1,8.8,72.1,57.0,63.3
2022,00-0037258,Dameon Pierce,RB,4,107,2021,POSITION_ROUND,42,49.05,33.8,151.4,102.35,117.6
2022,00-0038115,Daniel Bellinger,TE,4,112,2021,POSITION_ROUND,23,15.1,8.8,58.0,42.9,49.2
2022,00-0038040,Zamir White,RB,4,122,2021,POSITION_ROUND,42,49.05,33.8,7.0,42.05,26.8
2022,00-0038045,Isaiah Spiller,RB,4,123,2021,POSITION_ROUND,42,49.05,33.8,6.9,42.15,26.9
2022,00-0038092,Erik Ezukanma,WR,4,125,2021,POSITION_ROUND,48,9.25,14.9,0.8,8.45,14.1
2022,00-0038098,Pierre Strong,RB,4,127,2021,POSITION_ROUND,42,49.05,33.8,23.7,25.35,10.1
2022,00-0038046,Charlie Kolar,TE,4,128,2021,POSITION_ROUND,23,15.1,8.8,6.9,8.2,1.9
2022,00-0038041,Jake Ferguson,TE,4,129,2021,POSITION_ROUND,23,15.1,8.8,38.9,23.8,30.1
2022,00-0037617,Hassan Haskins,RB,4,131,2021,POSITION_ROUND,42,49.05,33.8,20.5,28.55,13.3
2022,00-0037816,Romeo Doubs,WR,4,132,2021,POSITION_ROUND,48,9.25,14.9,80.6,71.35,65.7
2022,00-0038108,Bailey Zappe,QB,4,137,2021,POSITION_ROUND,18,-0.1,4.7,39.14,39.24,34.44
2022,00-0037837,Calvin Austin III,WR,4,138,2021,POSITION_ROUND,48,9.25,14.9,0.0,9.25,14.9
2022,00-0037838,Isaiah Likely,TE,4,139,2021,POSITION_ROUND,23,15.1,8.8,73.3,58.2,64.5
2022,00-0037809,Chig Okonkwo,TE,4,143,2021,POSITION_ROUND,23,15.1,8.8,79.2,64.1,70.4
2022,00-0037077,Sam Howell,QB,5,144,2021,POSITION_ROUND,9,0.0,4.7,18.26,18.26,13.56
2022,00-0037261,Khalil Shakir,WR,5,148,2021,POSITION_ROUND,42,7.1,14.9,27.1,20.0,12.2
2022,00-0037078,Cole Turner,TE,5,149,2021,POSITION_ROUND,21,7.6,8.8,3.3,4.3,5.5
2022,00-0037263,Tyler Allgeier,RB,5,151,2021,POSITION_ROUND,28,29.2,33.8,149.4,120.2,115.6
2022,00-0037265,Snoop Conner,RB,5,154,2021,POSITION_ROUND,28,29.2,33.8,10.2,19.0,23.6
2022,00-0037267,Jerome Ford,RB,5,156,2021,POSITION_ROUND,28,29.2,33.8,1.2,28.0,32.6
2022,00-0037272,Montrell Washington,WR,5,162,2021,POSITION_ROUND,42,7.1,14.9,3.2,3.9,11.7
2022,00-0037273,Kyle Philips,WR,5,163,2021,POSITION_ROUND,42,7.1,14.9,7.8,0.7,7.1
2022,00-0037840,Kyren Williams,RB,5,164,2021,POSITION_ROUND,28,29.2,33.8,26.0,3.2,7.8
2022,00-0037276,Ty Chandler,RB,5,169,2021,POSITION_ROUND,28,29.2,33.8,2.0,27.2,31.8
2022,00-0037277,Teagan Quitoriano,TE,5,170,2021,POSITION_ROUND,21,7.6,8.8,26.8,19.2,18.0
2022,00-0037282,James Mitchell,TE,5,177,2021,POSITION_ROUND,21,7.6,8.8,22.8,15.2,14.0
2022,00-0037286,Kevin Harris,RB,6,183,2021,POSITION_ROUND,37,5.2,33.8,11.2,6.0,22.6
2022,00-0037291,Jalen Nailor,WR,6,191,2021,POSITION_ROUND,52,0.0,14.9,28.4,28.4,13.5
2022,00-0037292,Andrew Ogletree,TE,6,192,2021,POSITION_ROUND,18,1.7,8.8,0.0,1.7,8.8
2022,00-0037085,Tyler Badie,RB,6,196,2021,POSITION_ROUND,37,5.2,33.8,8.9,3.7,24.9
2022,00-0037086,Grant Calcaterra,TE,6,198,2021,POSITION_ROUND,18,1.7,8.8,10.6,8.9,1.8
2022,00-0037299,Keaontay Ingram,RB,6,201,2021,POSITION_ROUND,37,5.2,33.8,16.1,10.9,17.7
2022,00-0037300,Michael Woods II,WR,6,202,2021,POSITION_ROUND,52,0.0,14.9,6.5,6.5,8.4
2022,00-0037087,Trestan Ebner,RB,6,203,2021,POSITION_ROUND,37,5.2,33.8,5.2,0.0,28.6
2022,00-0037304,Connor Heyward,TE,6,208,2021,POSITION_ROUND,18,1.7,8.8,29.8,28.1,21.0
2022,00-0037306,John FitzPatrick,TE,6,213,2021,POSITION_ROUND,18,1.7,8.8,0.0,1.7,8.8
2022,00-0037311,Ko Kieft,TE,6,218,2021,POSITION_ROUND,18,1.7,8.8,17.5,15.8,8.7
2022,00-0037317,Nick Muse,TE,7,227,2021,POSITION_ROUND,22,0.0,8.8,0.0,0.0,8.8
2022,00-0037091,Bo Melton,WR,7,229,2021,POSITION_ROUND,49,1.3,14.9,0.0,1.3,14.9
2022,00-0037093,Dareke Young,WR,7,233,2021,POSITION_ROUND,49,1.3,14.9,3.4,2.1,11.5
2022,00-0037324,Chris Oladokun,QB,7,241,2021,POSITION_ROUND,15,0.0,4.7,0.0,0.0,4.7
2022,00-0037327,Skylar Thompson,QB,7,247,2021,POSITION_ROUND,15,0.0,4.7,17.46,17.46,12.76
2022,00-0037329,Brittain Brown,RB,7,250,2021,POSITION_ROUND,37,0.0,33.8,0.0,0.0,33.8
2022,00-0037197,Isiah Pacheco,RB,7,251,2021,POSITION_ROUND,37,0.0,33.8,128.5,128.5,94.7
2022,00-0037098,Samori Toure,WR,7,258,2021,POSITION_ROUND,49,1.3,14.9,16.7,15.4,1.8
2022,00-0037331,Zander Horvath,RB,7,260,2021,POSITION_ROUND,37,0.0,33.8,16.1,16.1,17.7
2022,00-0037834,Brock Purdy,QB,7,262,2021,POSITION_ROUND,15,0.0,4.7,106.26,106.26,101.56
2023,00-0039150,Bryce Young,QB,1,1,2022,POSITION_ROUND,34,155.59,6.04,152.38,3.21,146.34
2023,00-0039163,C.J. Stroud,QB,1,2,2022,POSITION_ROUND,34,155.59,6.04,273.52,117.93,267.48
2023,00-0039164,Anthony Richardson,QB,1,4,2022,POSITION_ROUND,34,155.59,6.04,68.68,86.91,62.64
2023,00-0038542,Bijan Robinson,RB,1,8,2022,POSITION_ROUND,15,187.2,31.8,217.3,30.1,185.5
2023,00-0039139,Jahmyr Gibbs,RB,1,12,2022,POSITION_ROUND,15,187.2,31.8,216.1,28.9,184.3
2023,00-0038543,Jaxon Smith-Njigba,WR,1,20,2022,POSITION_ROUND,46,96.85,15.05,118.3,21.45,103.25
2023,00-0038544,Quentin Johnston,WR,1,21,2022,POSITION_ROUND,46,96.85,15.05,75.0,21.85,59.95
2023,00-0039064,Zay Flowers,WR,1,22,2022,POSITION_ROUND,46,96.85,15.05,165.9,69.05,150.85
2023,00-0038994,Jordan Addison,WR,1,23,2022,POSITION_ROUND,46,96.85,15.05,186.3,89.45,171.25
2023,00-0038933,Dalton Kincaid,TE,1,25,2022,POSITION_ROUND,9,71.2,11.2,113.8,42.6,102.6
2023,00-0039152,Will Levis,QB,2,33,2022,POSITION_ROUND,9,64.0,6.04,100.02,36.02,93.98
2023,00-0039065,Sam LaPorta,TE,2,34,2022,POSITION_ROUND,18,50.95,11.2,192.3,141.35,181.1
2023,00-0039066,Michael Mayer,TE,2,35,2022,POSITION_ROUND,18,50.95,11.2,55.9,4.95,44.7
2023,00-0039062,Jonathan Mingo,WR,2,39,2022,POSITION_ROUND,56,76.15,15.05,63.3,12.85,48.25
2023,00-0039144,Luke Musgrave,TE,2,42,2022,POSITION_ROUND,18,50.95,11.2,58.2,7.25,47.0
2023,00-0039146,Jayden Reed,WR,2,50,2022,POSITION_ROUND,56,76.15,15.05,183.2,107.05,168.15
2023,00-0039165,Zach Charbonnet,RB,2,52,2022,POSITION_ROUND,29,108.2,31.8,89.6,18.6,57.8
2023,00-0039067,Rashee Rice,WR,2,55,2022,POSITION_ROUND,56,76.15,15.05,173.0,96.85,157.95
2023,00-0038547,Luke Schoonmaker,TE,2,58,2022,POSITION_ROUND,18,50.95,11.2,22.5,28.45,11.3
2023,00-0038935,Brenton Strange,TE,2,61,2022,POSITION_ROUND,18,50.95,11.2,12.0,38.95,0.8
2023,00-0038976,Marvin Mims,WR,2,63,2022,POSITION_ROUND,56,76.15,15.05,59.7,16.45,44.65
2023,00-0038550,Hendon Hooker,QB,3,68,2022,POSITION_ROUND,16,12.47,6.04,0.0,12.47,6.04
2023,00-0038977,Tank Dell,WR,3,69,2022,POSITION_ROUND,46,34.05,15.05,141.5,107.45,126.45
2023,00-0038551,Kendre Miller,RB,3,71,2022,POSITION_ROUND,31,63.9,31.8,38.3,25.6,6.5
2023,00-0038938,Jalin Hyatt,WR,3,73,2022,POSITION_ROUND,46,34.05,15.05,48.8,14.75,33.75
2023,00-0038979,Cedric Tillman,WR,3,74,2022,POSITION_ROUND,46,34.05,15.05,33.7,0.35,18.65
2023,00-0038996,Tucker Kraft,TE,3,78,2022,POSITION_ROUND,29,23.1,11.2,63.0,39.9,51.8
2023,00-0038997,Josh Downs,WR,3,79,2022,POSITION_ROUND,46,34.05,15.05,123.1,89.05,108.05
2023,00-0039032,Tyjae Spears,RB,3,81,2022,POSITION_ROUND,31,63.9,31.8,127.8,63.9,96.0
2023,00-0039040,De'Von Achane,RB,3,84,2022,POSITION_ROUND,31,63.9,31.8,177.2,113.3,145.4
2023,00-0038555,Tank Bigsby,RB,3,88,2022,POSITION_ROUND,31,63.9,31.8,22.3,41.6,9.5
2023,00-0038558,Darnell Washington,TE,3,93,2022,POSITION_ROUND,29,23.1,11.2,9.6,13.5,1.6
2023,00-0038559,Michael Wilson,WR,3,94,2022,POSITION_ROUND,46,34.05,15.05,93.5,59.45,78.45
2023,00-0038563,Tre Tucker,WR,3,100,2022,POSITION_ROUND,46,34.05,15.05,62.3,28.25,47.25
2023,00-0038564,Cameron Latu,TE,3,101,2022,POSITION_ROUND,29,23.1,11.2,0.0,23.1,11.2
2023,00-0039021,Roschon Johnson,RB,4,115,2022,POSITION_ROUND,47,45.0,31.8,85.1,40.1,53.3
2023,00-0038573,Derius Davis,WR,4,125,2022,POSITION_ROUND,51,9.2,15.05,28.2,19.0,13.15
2023,00-0038998,Jake Haener,QB,4,127,2022,POSITION_ROUND,19,1.24,6.04,0.0,1.24,6.04
2023,00-0039107,Stetson Bennett,QB,4,128,2022,POSITION_ROUND,19,1.24,6.04,0.0,1.24,6.04
2023,00-0038576,Charlie Jones,WR,4,131,2022,POSITION_ROUND,51,9.2,15.05,17.2,8.0,2.15
2023,00-0038941,Tyler Scott,WR,4,133,2022,POSITION_ROUND,51,9.2,15.05,27.4,18.2,12.35
2023,00-0038579,Aidan O'Connell,QB,4,135,2022,POSITION_ROUND,19,1.24,6.04,125.82,124.58,119.78
2023,00-0038582,Clayton Tune,QB,5,139,2022,POSITION_ROUND,10,0.0,6.04,5.48,5.48,0.56
2023,00-0038583,Dorian Thompson-Robinson,QB,5,140,2022,POSITION_ROUND,10,0.0,6.04,20.1,20.1,14.06
2023,00-0038389,Israel Abanikanda,RB,5,143,2022,POSITION_ROUND,33,27.8,31.8,12.8,15.0,19.0
2023,00-0038589,Josh Whyle,TE,5,147,2022,POSITION_ROUND,24,8.1,11.2,19.9,11.8,8.7
2023,00-0038391,Sean Clifford,QB,5,149,2022,POSITION_ROUND,10,0.0,6.04,1.28,1.28,4.76
2023,00-0038590,Justin Shorter,WR,5,150,2022,POSITION_ROUND,45,9.3,15.05,0.0,9.3,15.05
2023,00-0038393,Dontayvion Wicks,WR,5,159,2022,POSITION_ROUND,45,9.3,15.05,100.26,90.96,85.21
2023,00-0038394,Will Mallory,TE,5,162,2022,POSITION_ROUND,24,8.1,11.2,29.7,21.6,18.5
2023,00-0038597,Chase Brown,RB,5,163,2022,POSITION_ROUND,33,27.8,31.8,46.5,18.7,14.7
2023,00-0038598,Jaren Hall,QB,5,164,2022,POSITION_ROUND,10,0.0,6.04,2.12,2.12,3.92
2023,00-0039050,Payne Durham,TE,5,171,2022,POSITION_ROUND,24,8.1,11.2,8.3,0.2,2.9
2023,00-0038396,Eric Gray,RB,5,172,2022,POSITION_ROUND,33,27.8,31.8,10.0,17.8,21.8
2023,00-0039074,Davis Allen,TE,5,175,2022,POSITION_ROUND,24,8.1,11.2,20.5,12.4,9.3
2023,00-0038397,Evan Hull,RB,5,176,2022,POSITION_ROUND,33,27.8,31.8,1.2,26.6,30.6
2023,00-0039075,Puka Nacua,WR,5,177,2022,POSITION_ROUND,45,9.3,15.05,246.0,236.7,230.95
2023,00-0038606,Parker Washington,WR,6,185,2022,POSITION_ROUND,54,0.0,15.05,31.2,31.2,16.15
2023,00-0038608,Kayshon Boutte,WR,6,187,2022,POSITION_ROUND,54,0.0,15.05,2.9,2.9,12.15
2023,00-0038400,Tanner McKee,QB,6,188,2022,POSITION_ROUND,16,0.0,6.04,0.0,0.0,6.04
2023,00-0039052,Trey Palmer,WR,6,191,2022,POSITION_ROUND,54,0.0,15.05,76.2,76.2,61.15
2023,00-0038611,Chris Rodriguez,RB,6,193,2022,POSITION_ROUND,41,5.3,31.8,36.9,31.6,5.1
2023,00-0038612,A.T. Perry,WR,6,195,2022,POSITION_ROUND,54,0.0,15.05,54.6,54.6,39.55
2023,00-0039041,Elijah Higgins,WR,6,197,2022,POSITION_ROUND,54,0.0,15.05,29.3,29.3,14.25
2023,00-0038618,Xavier Hutchinson,WR,6,205,2022,POSITION_ROUND,54,0.0,15.05,17.9,17.9,2.85
2023,00-0038619,Andrei Iosivas,WR,6,206,2022,POSITION_ROUND,54,0.0,15.05,43.1,43.1,28.05
2023,00-0038621,DeMario Douglas,WR,6,210,2022,POSITION_ROUND,54,0.0,15.05,82.7,82.7,67.65
2023,00-0038622,Deuce Vaughn,RB,6,212,2022,POSITION_ROUND,41,5.3,31.8,11.5,6.2,20.3
2023,00-0039136,Zach Evans,RB,6,215,2022,POSITION_ROUND,41,5.3,31.8,1.9,3.4,29.9
2023,00-0038627,Antoine Green,WR,7,219,2022,POSITION_ROUND,52,1.45,15.05,0.7,0.75,14.35
2023,00-0038406,Zack Kuntz,TE,7,220,2022,POSITION_ROUND,23,0.0,11.2,0.0,0.0,11.2
2023,00-0039046,DeWayne McBride,RB,7,222,2022,POSITION_ROUND,40,0.05,31.8,0.0,0.05,31.8
2023,00-0038632,Colton Dowell,WR,7,228,2022,POSITION_ROUND,52,1.45,15.05,0.8,0.65,14.25
2023,00-0038409,Lew Nichols,RB,7,235,2022,POSITION_ROUND,40,0.05,31.8,0.0,0.05,31.8
2023,00-0038636,Kenny McIntosh,RB,7,237,2022,POSITION_ROUND,40,0.05,31.8,0.0,0.05,31.8
2023,00-0038637,Max Duggan,QB,7,239,2022,POSITION_ROUND,18,0.0,6.04,0.0,0.0,6.04
2023,00-0038640,Jalen Brooks,WR,7,244,2022,POSITION_ROUND,52,1.45,15.05,9.4,7.95,5.65
2023,00-0038643,Brayden Willis,TE,7,247,2022,POSITION_ROUND,23,0.0,11.2,0.0,0.0,11.2
2023,00-0038647,Ronnie Bell,WR,7,253,2022,POSITION_ROUND,52,1.45,15.05,27.8,26.35,12.75
2023,00-0038507,Grant Dubose,WR,7,256,2022,POSITION_ROUND,52,1.45,15.05,0.0,1.45,15.05
2024,00-0039918,Caleb Williams,QB,1,1,2023,POSITION_ROUND,37,158.12,5.83,248.54,90.42,242.71
2024,00-0039910,Jayden Daniels,QB,1,2,2023,POSITION_ROUND,37,158.12,5.83,349.82,191.7,343.99
2024,00-0039851,Drake Maye,QB,1,3,2023,POSITION_ROUND,37,158.12,5.83,173.14,15.02,167.31
2024,00-0039849,Marvin Harrison Jr.,WR,1,4,2023,POSITION_ROUND,50,98.8,17.1,165.5,66.7,148.4
2024,00-0039337,Malik Nabers,WR,1,6,2023,POSITION_ROUND,50,98.8,17.1,217.1,118.3,200.0
2024,00-0039917,Michael Penix,QB,1,8,2023,POSITION_ROUND,37,158.12,5.83,44.1,114.02,38.27
2024,00-0039919,Rome Odunze,WR,1,9,2023,POSITION_ROUND,50,98.8,17.1,117.9,19.1,100.8
2024,00-0039923,J.J. McCarthy,QB,1,10,2023,POSITION_ROUND,37,158.12,5.83,0.0,158.12,5.83
2024,00-0039732,Bo Nix,QB,1,12,2023,POSITION_ROUND,37,158.12,5.83,316.7,158.58,310.87
2024,00-0039338,Brock Bowers,TE,1,13,2023,POSITION_ROUND,10,73.6,11.35,206.7,133.1,195.35
2024,00-0039893,Brian Thomas,WR,1,23,2023,POSITION_ROUND,50,98.8,17.1,236.5,137.7,219.4
2024,00-0039894,Xavier Worthy,WR,1,28,2023,POSITION_ROUND,50,98.8,17.1,157.7,58.9,140.6
2024,00-0039916,Ricky Pearsall,WR,1,31,2023,POSITION_ROUND,50,98.8,17.1,78.0,20.8,60.9
2024,00-0039342,Xavier Legette,WR,1,32,2023,POSITION_ROUND,50,98.8,17.1,100.6,1.8,83.5
2024,00-0039901,Keon Coleman,WR,2,33,2023,POSITION_ROUND,60,76.65,17.1,95.0,18.35,77.9
2024,00-0039915,Ladd McConkey,WR,2,34,2023,POSITION_ROUND,60,76.65,17.1,197.9,121.25,180.8
2024,00-0039907,Ja'Lynn Polk,WR,2,37,2023,POSITION_ROUND,60,76.65,17.1,26.7,49.95,9.6
2024,00-0039344,Jonathon Brooks,RB,2,46,2023,POSITION_ROUND,30,104.8,31.35,6.0,98.8,25.35
2024,00-0039890,Adonai Mitchell,WR,2,52,2023,POSITION_ROUND,60,76.65,17.1,42.26,34.39,25.16
2024,00-0039912,Ben Sinnott,TE,2,53,2023,POSITION_ROUND,23,52.0,11.35,11.3,40.7,0.05
2024,00-0039920,Malachi Corley,WR,3,65,2023,POSITION_ROUND,52,35.95,17.1,3.7,32.25,13.4
2024,00-0039921,Trey Benson,RB,3,66,2023,POSITION_ROUND,35,69.1,31.35,44.0,25.1,12.65
2024,00-0039810,Jermaine Burton,WR,3,80,2023,POSITION_ROUND,52,35.95,17.1,12.7,23.25,4.4
2024,00-0039737,Tip Reiman,TE,3,82,2023,POSITION_ROUND,32,19.35,11.35,6.7,12.65,4.65
2024,00-0039738,Blake Corum,RB,3,83,2023,POSITION_ROUND,35,69.1,31.35,30.0,39.1,1.35
2024,00-0039739,Roman Wilson,WR,3,84,2023,POSITION_ROUND,52,35.95,17.1,0.0,35.95,17.1
2024,00-0039811,MarShawn Lloyd,RB,3,88,2023,POSITION_ROUND,35,69.1,31.35,2.3,66.8,29.05
2024,00-0039855,Jalen McMillan,WR,3,92,2023,POSITION_ROUND,52,35.95,17.1,116.9,80.95,99.8
2024,00-0039355,Luke McCaffrey,WR,3,100,2023,POSITION_ROUND,52,35.95,17.1,25.8,10.15,8.7
2024,00-0039356,Ja'Tavion Sanders,TE,4,101,2023,POSITION_ROUND,29,23.1,11.35,56.7,33.6,45.35
2024,00-0039868,Troy Franklin,WR,4,102,2023,POSITION_ROUND,54,9.6,17.1,53.1,43.5,36.0
2024,00-0039847,Theo Johnson,TE,4,107,2023,POSITION_ROUND,29,23.1,11.35,53.6,30.5,42.25
2024,00-0039853,Javon Baker,WR,4,110,2023,POSITION_ROUND,54,9.6,17.1,1.7,7.9,15.4
2024,00-0039792,Devontez Walker,WR,4,113,2023,POSITION_ROUND,54,9.6,17.1,8.6,1.0,8.5
2024,00-0039814,Erick All,TE,4,115,2023,POSITION_ROUND,29,23.1,11.35,25.8,2.7,14.45
2024,00-0039874,Jaylen Wright,RB,4,120,2023,POSITION_ROUND,48,46.75,31.35,25.2,21.55,6.15
2024,00-0039793,AJ Barner,TE,4,121,2023,POSITION_ROUND,29,23.1,11.35,63.5,40.4,52.15
2024,00-0039359,Cade Stover,TE,4,123,2023,POSITION_ROUND,29,23.1,11.35,26.8,3.7,15.45
2024,00-0039361,Bucky Irving,RB,4,125,2023,POSITION_ROUND,48,46.75,31.35,220.9,174.15,189.55
2024,00-0039746,Will Shipley,RB,4,127,2023,POSITION_ROUND,48,46.75,31.35,13.7,33.05,17.65
2024,00-0039875,Ray Davis,RB,4,128,2023,POSITION_ROUND,48,46.75,31.35,107.6,60.85,76.25
2024,00-0039363,Isaac Guerendo,RB,4,129,2023,POSITION_ROUND,48,46.75,31.35,86.7,39.95,55.35
2024,00-0039824,Jared Wiley,TE,4,131,2023,POSITION_ROUND,29,23.1,11.35,1.2,21.9,10.15
2024,00-0039794,Braelon Allen,RB,4,134,2023,POSITION_ROUND,48,46.75,31.35,75.7,28.95,44.35
2024,00-0039365,Jacob Cowing,WR,4,135,2023,POSITION_ROUND,54,9.6,17.1,8.7,0.9,8.4
2024,00-0039816,Anthony Gould,WR,5,142,2023,POSITION_ROUND,48,10.0,17.1,2.8,7.2,14.3
2024,00-0039373,Audric Estime,RB,5,147,2023,POSITION_ROUND,37,26.5,31.35,46.2,19.7,14.85
2024,00-0039376,Spencer Rattler,QB,5,150,2023,POSITION_ROUND,14,0.74,5.83,67.28,66.54,61.45
2024,00-0039747,Ainias Smith,WR,5,152,2023,POSITION_ROUND,48,10.0,17.1,14.2,4.2,2.9
2024,00-0039379,Jamari Thrash,WR,5,156,2023,POSITION_ROUND,48,10.0,17.1,3.7,6.3,13.4
2024,00-0039796,Rasheen Ali,RB,5,165,2023,POSITION_ROUND,37,26.5,31.35,3.1,23.4,28.25
2024,00-0039384,Tyrone Tracy Jr.,RB,5,166,2023,POSITION_ROUND,37,26.5,31.35,163.3,136.8,131.95
2024,00-0039385,Keilan Robinson,RB,5,167,2023,POSITION_ROUND,37,26.5,31.35,0.0,26.5,31.35
2024,00-0039386,Bub Means,WR,5,170,2023,POSITION_ROUND,48,10.0,17.1,22.3,12.3,5.2
2024,00-0039797,Jordan Travis,QB,5,171,2023,POSITION_ROUND,14,0.74,5.83,0.0,0.74,5.83
2024,00-0039798,Isaiah Davis,RB,5,173,2023,POSITION_ROUND,37,26.5,31.35,41.4,14.9,10.05
2024,00-0039391,Kimani Vidal,RB,6,181,2023,POSITION_ROUND,44,5.7,31.35,30.2,24.5,1.15
2024,00-0039392,Jha'Quan Jackson,WR,6,182,2023,POSITION_ROUND,62,1.9,17.1,-3.2,5.1,20.3
2024,00-0039880,Malik Washington,WR,6,184,2023,POSITION_ROUND,62,1.9,17.1,41.8,39.9,24.7
2024,00-0039236,Johnny Wilson,WR,6,185,2023,POSITION_ROUND,62,1.9,17.1,12.3,10.4,4.8
2024,00-0039393,Jase McClellan,RB,6,186,2023,POSITION_ROUND,44,5.7,31.35,3.2,2.5,28.15
2024,00-0039394,Casey Washington,WR,6,187,2023,POSITION_ROUND,62,1.9,17.1,1.9,0.0,15.2
2024,00-0039397,Tejhaun Palmer,WR,6,191,2023,POSITION_ROUND,62,1.9,17.1,0.0,1.9,17.1
2024,00-0039398,Joe Milton,QB,6,193,2023,POSITION_ROUND,17,0.0,5.83,19.24,19.24,13.41
2024,00-0039399,Tanner McLachlan,TE,6,194,2023,POSITION_ROUND,23,2.0,11.35,0.0,2.0,11.35
2024,00-0039405,Jawhar Jordan,RB,6,205,2023,POSITION_ROUND,44,5.7,31.35,0.0,5.7,31.35
2024,00-0039407,Dylan Laube,RB,6,208,2023,POSITION_ROUND,44,5.7,31.35,-2.0,7.7,33.35
2024,00-0039751,Jordan Whittington,WR,6,213,2023,POSITION_ROUND,62,1.9,17.1,41.5,39.6,24.4
2024,00-0039410,Ryan Flournoy,WR,6,216,2023,POSITION_ROUND,62,1.9,17.1,13.2,11.3,3.9
2024,00-0039801,Devin Leary,QB,6,218,2023,POSITION_ROUND,17,0.0,5.83,0.0,0.0,5.83
2024,00-0039415,Brenden Rice,WR,7,225,2023,POSITION_ROUND,57,1.3,17.1,0.0,1.3,17.1
2024,00-0039420,Jaheim Bell,TE,7,231,2023,POSITION_ROUND,25,0.0,11.35,3.0,3.0,8.35
2024,00-0039424,Devaughn Vele,WR,7,235,2023,POSITION_ROUND,57,1.3,17.1,86.0,84.7,68.9
2024,00-0039884,Tahj Washington,WR,7,241,2023,POSITION_ROUND,57,1.3,17.1,0.0,1.3,17.1
2024,00-0039238,Michael Pratt,QB,7,245,2023,POSITION_ROUND,19,0.0,5.83,0.0,0.0,5.83
2024,00-0039754,Devin Culp,TE,7,246,2023,POSITION_ROUND,25,0.0,11.35,11.3,11.3,0.05
2024,00-0039437,Cornelius Johnson,WR,7,253,2023,POSITION_ROUND,57,1.3,17.1,0.0,1.3,17.1
2025,00-0040676,Cam Ward,QB,1,1,2024,POSITION_ROUND,43,164.42,6.38,186.66,22.24,180.28
2025,00-0040718,Travis Hunter,WR,1,2,2024,POSITION_ROUND,57,113.0,16.85,49.8,63.2,32.95
2025,00-0040122,Ashton Jeanty,RB,1,6,2024,POSITION_ROUND,17,189.2,30.9,217.6,28.4,186.7
2025,00-0040124,Tetairoa McMillan,WR,1,8,2024,POSITION_ROUND,57,113.0,16.85,176.4,63.4,159.55
2025,00-0040126,Colston Loveland,TE,1,10,2024,POSITION_ROUND,11,76.0,11.55,136.1,60.1,124.55
2025,00-0040128,Tyler Warren,TE,1,14,2024,POSITION_ROUND,11,76.0,11.55,150.5,74.5,138.95
2025,00-0040129,Emeka Egbuka,WR,1,19,2024,POSITION_ROUND,57,113.0,16.85,162.2,49.2,145.35
2025,00-0040666,Omarion Hampton,RB,1,22,2024,POSITION_ROUND,17,189.2,30.9,119.7,69.5,88.8
2025,00-0040667,Matthew Golden,WR,1,23,2024,POSITION_ROUND,57,113.0,16.85,55.5,57.5,38.65
2025,00-0040691,Jaxson Dart,QB,1,25,2024,POSITION_ROUND,43,164.42,6.38,239.58,75.16,233.2
2025,00-0040130,Jayden Higgins,WR,2,34,2024,POSITION_ROUND,64,76.15,16.85,109.0,32.85,92.15
2025,00-0040784,Quinshon Judkins,RB,2,36,2024,POSITION_ROUND,31,99.4,30.9,154.8,55.4,123.9
2025,00-0040734,TreVeyon Henderson,RB,2,38,2024,POSITION_ROUND,31,99.4,30.9,188.7,89.3,157.8
2025,00-0040735,Luther Burden,WR,2,39,2024,POSITION_ROUND,64,76.15,16.85,104.4,28.25,87.55
2025,00-0040743,Tyler Shough,QB,2,40,2024,POSITION_ROUND,10,64.07,6.38,155.96,91.89,149.58
2025,00-0040736,Mason Taylor,TE,2,42,2024,POSITION_ROUND,24,50.7,11.55,64.9,14.2,53.35
2025,00-0040737,Terrance Ferguson,TE,2,46,2024,POSITION_ROUND,24,50.7,11.55,46.6,4.1,35.05
2025,00-0040739,Elijah Arroyo,TE,2,50,2024,POSITION_ROUND,24,50.7,11.55,29.4,21.3,17.85
2025,00-0040727,Tre Harris,WR,2,55,2024,POSITION_ROUND,64,76.15,16.85,54.4,21.75,37.55
2025,00-0040729,Jack Bech,WR,2,58,2024,POSITION_ROUND,64,76.15,16.85,32.4,43.75,15.55
2025,00-0040730,RJ Harvey,RB,2,60,2024,POSITION_ROUND,31,99.4,30.9,183.1,83.7,152.2
2025,00-0040663,Harold Fannin,TE,3,67,2024,POSITION_ROUND,33,15.6,11.55,150.4,134.8,138.85
2025,00-0040131,Kyle Williams,WR,3,69,2024,POSITION_ROUND,57,34.6,16.85,44.2,9.6,27.35
2025,00-0040669,Isaac TeSlaa,WR,3,70,2024,POSITION_ROUND,57,34.6,16.85,67.9,33.3,51.05
2025,00-0040134,Pat Bryant,WR,3,74,2024,POSITION_ROUND,57,34.6,16.85,59.3,24.7,42.45
2025,00-0040138,Jaylin Noel,WR,3,79,2024,POSITION_ROUND,57,34.6,16.85,55.4,20.8,38.55
2025,00-0040142,Kaleb Johnson,RB,3,83,2024,POSITION_ROUND,38,55.65,30.9,8.3,47.35,22.6
2025,00-0040009,Savion Williams,WR,3,87,2024,POSITION_ROUND,57,34.6,16.85,20.5,14.1,3.65
2025,00-0040673,Jalen Milroe,QB,3,92,2024,POSITION_ROUND,17,11.24,6.38,-1.6,12.84,7.98
2025,00-0040704,Dillon Gabriel,QB,3,94,2024,POSITION_ROUND,17,11.24,6.38,70.08,58.84,63.7
2025,00-0040154,Tai Felton,WR,3,102,2024,POSITION_ROUND,57,34.6,16.85,4.0,30.6,12.85
2025,00-0040705,Chimere Dike,WR,4,103,2024,POSITION_ROUND,58,9.35,16.85,102.1,92.75,85.25
2025,00-0040719,Bhayshul Tuten,RB,4,104,2024,POSITION_ROUND,54,49.1,30.9,83.6,34.5,52.7
2025,00-0040715,Cam Skattebo,RB,4,105,2024,POSITION_ROUND,54,49.1,30.9,113.7,64.6,82.8
2025,00-0040581,Dont'e Thornton,WR,4,108,2024,POSITION_ROUND,58,9.35,16.85,18.5,9.15,1.65
2025,00-0040582,Arian Smith,WR,4,110,2024,POSITION_ROUND,58,9.35,16.85,10.0,0.65,6.85
2025,00-0040644,Trevor Etienne,RB,4,114,2024,POSITION_ROUND,54,49.1,30.9,10.2,38.9,20.7
2025,00-0040583,Woody Marks,RB,4,116,2024,POSITION_ROUND,54,49.1,30.9,133.1,84.0,102.2
2025,00-0040692,Jarquez Hunter,RB,4,117,2024,POSITION_ROUND,54,49.1,30.9,0.0,49.1,30.9
2025,00-0040584,Gunnar Helm,TE,4,120,2024,POSITION_ROUND,35,24.2,11.55,69.7,45.5,58.15
2025,00-0040162,Dylan Sampson,RB,4,126,2024,POSITION_ROUND,54,49.1,30.9,71.1,22.0,40.2
2025,00-0040164,Jaylin Lane,WR,4,128,2024,POSITION_ROUND,58,9.35,16.85,41.2,31.85,24.35
2025,00-0040646,Jalen Royals,WR,4,133,2024,POSITION_ROUND,58,9.35,16.85,1.4,7.95,15.45
2025,00-0040170,Elic Ayomanor,WR,4,136,2024,POSITION_ROUND,58,9.35,16.85,96.0,86.65,79.15
2025,00-0040172,Jordan Watkins,WR,4,138,2024,POSITION_ROUND,58,9.35,16.85,3.6,5.75,13.25
2025,00-0040668,Shedeur Sanders,QB,5,144,2024,POSITION_ROUND,16,0.74,6.38,84.9,84.16,78.52
2025,00-0040177,Jordan James,RB,5,147,2024,POSITION_ROUND,42,26.15,30.9,0.0,26.15,30.9
2025,00-0040586,Jaydon Blue,RB,5,149,2024,POSITION_ROUND,42,26.15,30.9,19.9,6.25,11.0
2025,00-0040179,DJ Giddens,RB,5,151,2024,POSITION_ROUND,42,26.15,30.9,9.6,16.55,21.3
2025,00-0040184,KeAndre Lambert-Smith,WR,5,158,2024,POSITION_ROUND,52,8.2,16.85,13.6,5.4,3.25
2025,00-0040187,Mitchell Evans,TE,5,163,2024,POSITION_ROUND,28,8.95,11.55,38.7,29.75,27.15
2025,00-0040189,Oronde Gadsden II,TE,5,165,2024,POSITION_ROUND,28,8.95,11.55,106.9,97.95,95.35
2025,00-0040648,Tory Horton,WR,5,166,2024,POSITION_ROUND,52,8.2,16.85,58.6,50.4,41.75
2025,00-0040194,Jackson Hawes,TE,5,173,2024,POSITION_ROUND,28,8.95,11.55,44.7,35.75,33.15
2025,00-0040649,Robbie Ouzts,TE,5,175,2024,POSITION_ROUND,28,8.95,11.55,0.0,8.95,11.55
2025,00-0040198,Ollie Gordon,RB,6,179,2024,POSITION_ROUND,48,4.85,30.9,50.6,45.75,19.7
2025,00-0040014,Kyle McCord,QB,6,181,2024,POSITION_ROUND,19,0.0,6.38,0.0,0.0,6.38
2025,00-0040202,Devin Neal,RB,6,184,2024,POSITION_ROUND,48,4.85,30.9,51.5,46.65,20.6
2025,00-0040203,Will Howard,QB,6,185,2024,POSITION_ROUND,19,0.0,6.38,0.0,0.0,6.38
2025,00-0040205,Kalel Mullings,RB,6,188,2024,POSITION_ROUND,48,4.85,30.9,0.7,4.15,30.2
2025,00-0040206,Riley Leonard,QB,6,189,2024,POSITION_ROUND,19,0.0,6.38,29.0,29.0,22.62
2025,00-0040208,Tahj Brooks,RB,6,193,2024,POSITION_ROUND,48,4.85,30.9,5.9,1.05,25.0
2025,00-0040211,Graham Mertz,QB,6,197,2024,POSITION_ROUND,19,0.0,6.38,0.0,0.0,6.38
2025,00-0040215,Gavin Bartholomew,TE,6,202,2024,POSITION_ROUND,24,1.7,11.55,0.0,1.7,11.55
2025,00-0040075,LaJohntay Wester,WR,6,203,2024,POSITION_ROUND,69,1.9,16.85,-2.0,3.9,18.85
2025,00-0040218,Jimmy Horn,WR,6,208,2024,POSITION_ROUND,69,1.9,16.85,23.2,21.3,6.35
2025,00-0040220,Tommy Mellott,QB,6,213,2024,POSITION_ROUND,19,0.0,6.38,0.0,0.0,6.38
2025,00-0040222,Cam Miller,QB,6,215,2024,POSITION_ROUND,19,0.0,6.38,0.0,0.0,6.38
2025,00-0040225,Thomas Fidone,TE,7,219,2024,POSITION_ROUND,27,0.0,11.55,0.0,0.0,11.55
2025,00-0040651,Damien Martinez,RB,7,223,2024,POSITION_ROUND,43,0.0,30.9,0.0,0.0,30.9
2025,00-0040589,Kurtis Rourke,QB,7,227,2024,POSITION_ROUND,20,0.0,6.38,0.0,0.0,6.38
2025,00-0040078,Brashard Smith,RB,7,228,2024,POSITION_ROUND,43,0.0,30.9,50.8,50.8,19.9
2025,00-0040234,Quinn Ewers,QB,7,231,2024,POSITION_ROUND,20,0.0,6.38,32.68,32.68,26.3
2025,00-0040236,Kyle Monangai,RB,7,233,2024,POSITION_ROUND,43,0.0,30.9,133.7,133.7,102.8
2025,00-0040237,Tez Johnson,WR,7,235,2024,POSITION_ROUND,61,0.8,16.85,78.4,77.6,61.55
2025,00-0040238,LeQuint Allen,RB,7,236,2024,POSITION_ROUND,43,0.0,30.9,19.8,19.8,11.1
2025,00-0040653,Ricky White,WR,7,238,2024,POSITION_ROUND,61,0.8,16.85,0.0,0.8,16.85
2025,00-0040021,Phil Mafah,RB,7,239,2024,POSITION_ROUND,43,0.0,30.9,9.9,9.9,21.0
2025,00-0040240,Caleb Lohner,TE,7,241,2024,POSITION_ROUND,27,0.0,11.55,0.0,0.0,11.55
2025,00-0040590,Konata Mumpfield,WR,7,242,2024,POSITION_ROUND,61,0.8,16.85,20.2,19.4,3.35
2025,00-0040241,Dominic Lovett,WR,7,244,2024,POSITION_ROUND,61,0.8,16.85,0.0,0.8,16.85
2025,00-0040242,Jacory Croskey-Merritt,RB,7,245,2024,POSITION_ROUND,43,0.0,30.9,135.8,135.8,104.9
2025,00-0040244,Moliki Matavao,TE,7,248,2024,POSITION_ROUND,27,0.0,11.55,2.0,2.0,9.55
2025,00-0040247,Junior Bergen,WR,7,252,2024,POSITION_ROUND,61,0.8,16.85,0.0,0.8,16.85
2025,00-0040250,Luke Lachey,TE,7,255,2024,POSITION_ROUND,27,0.0,11.55,0.0,0.0,11.55
