"ordinal","path","change_type","purpose","within_allowed_scope","manifest_hash_status"
"1","docs/hq/master/post_rookie_registry_roadmap_reassessment_v1_20260711/POST_ROOKIE_REGISTRY_ROADMAP_REASSESSMENT_V1_REPORT.md","CREATED","Full repository reassessment, evidence synthesis, prioritization, and verdict.","YES","RECORDED_IN_MANIFEST"
"2","docs/hq/master/post_rookie_registry_roadmap_reassessment_v1_20260711/EXECUTIVE_VERDICT.md","CREATED","Concise controlling verdict and selected sequence.","YES","RECORDED_IN_MANIFEST"
"3","docs/hq/master/post_rookie_registry_roadmap_reassessment_v1_20260711/CURRENT_SURFACE_STATE_MAP.csv","CREATED","Required field-by-field assessment of every named product, data, and reliability surface.","YES","RECORDED_IN_MANIFEST"
"4","docs/hq/master/post_rookie_registry_roadmap_reassessment_v1_20260711/NO_RECREATE_AND_COMPLETED_WORK_INDEX.csv","CREATED","Canonical completed, blocked, and no-recreate reconciliation.","YES","RECORDED_IN_MANIFEST"
"5","docs/hq/master/post_rookie_registry_roadmap_reassessment_v1_20260711/REMAINING_PRODUCT_GAP_MATRIX.csv","CREATED","Classified unresolved product and workflow gaps.","YES","RECORDED_IN_MANIFEST"
"6","docs/hq/master/post_rookie_registry_roadmap_reassessment_v1_20260711/RELIABILITY_AND_TECHNICAL_DEBT_MATRIX.csv","CREATED","Evidence-based reliability and technical-debt assessment.","YES","RECORDED_IN_MANIFEST"
"7","docs/hq/master/post_rookie_registry_roadmap_reassessment_v1_20260711/DATA_SOURCE_AND_GOVERNANCE_BLOCKERS.csv","CREATED","Data, source, plugin, registry, formula, and protected-scope blockers.","YES","RECORDED_IN_MANIFEST"
"8","docs/hq/master/post_rookie_registry_roadmap_reassessment_v1_20260711/CANDIDATE_LANE_SCORECARD.csv","CREATED","Transparent weighted prioritization with governance overrides.","YES","RECORDED_IN_MANIFEST"
"9","docs/hq/master/post_rookie_registry_roadmap_reassessment_v1_20260711/DEPENDENCY_AND_RISK_MAP.md","CREATED","Immediate and later-lane dependencies, risks, and stop gates.","YES","RECORDED_IN_MANIFEST"
"10","docs/hq/master/post_rookie_registry_roadmap_reassessment_v1_20260711/IMMEDIATE_NEXT_LANE_CONTRACT.md","CREATED","Bounded implementation and merge-review contract for the selected lane.","YES","RECORDED_IN_MANIFEST"
"11","docs/hq/master/post_rookie_registry_roadmap_reassessment_v1_20260711/NEXT_LANE_READY_TO_PASTE_PROMPT.md","CREATED","Ready-to-paste future implementation request; not executed here.","YES","RECORDED_IN_MANIFEST"
"12","docs/hq/master/post_rookie_registry_roadmap_reassessment_v1_20260711/NEXT_THREE_LANES.md","CREATED","Ordered sequential later lanes and boundaries.","YES","RECORDED_IN_MANIFEST"
"13","docs/hq/master/post_rookie_registry_roadmap_reassessment_v1_20260711/PARKING_LOT_AND_REENTRY_TRIGGERS.md","CREATED","Parked work and exact reentry requirements.","YES","RECORDED_IN_MANIFEST"
"14","docs/hq/master/post_rookie_registry_roadmap_reassessment_v1_20260711/STOP_AND_NO_RECREATE_LIST.md","CREATED","Hard stops and completed functionality that must not be rebuilt.","YES","RECORDED_IN_MANIFEST"
"15","docs/hq/master/post_rookie_registry_roadmap_reassessment_v1_20260711/PROTECTED_AND_FROZEN_PATH_VALIDATION.md","CREATED","Protected path, frozen-byte, and forbidden-system diff proof.","YES","RECORDED_IN_MANIFEST"
"16","docs/hq/master/post_rookie_registry_roadmap_reassessment_v1_20260711/FILES_CREATED_OR_CHANGED.csv","CREATED","Complete packet file inventory.","YES","RECORDED_IN_MANIFEST"
"17","docs/hq/master/post_rookie_registry_roadmap_reassessment_v1_20260711/VALIDATION_RESULTS.md","CREATED","Commands, results, caveats, and final repository state.","YES","RECORDED_IN_MANIFEST"
"18","docs/hq/master/post_rookie_registry_roadmap_reassessment_v1_20260711/MANIFEST.json","CREATED","Machine-readable packet metadata and hashes.","YES","SELF_HASH_EXCLUDED"
