governed_player_id,player_name,position,asset_type,decision_season,age,experience,draft_pick,undrafted,rookie_entry,identity_status,source_provenance,panel_authority,prior1_points,prior1_games,prior1_opportunities,prior1_availability,prior1_mask,prior2_points,prior2_games,prior2_opportunities,prior2_availability,prior2_mask,prior3_points,prior3_games,prior3_opportunities,prior3_availability,prior3_mask,history_seasons_available,rookie_review_rank,blocking_reason,prediction_eligibility,evidence_coverage
,De'Zhaun Stribling,WR,CURRENT_ROOKIE,2026,,,,,,,,CURRENT_UNIVERSE_ONLY_NOT_TRAINING_ROW,,,,,,,,,,,,,,,,,,Canonical nflverse draft row has no exact GSIS player_id.,BLOCKED_ROOKIE_REVIEW_INSUFFICIENT_EVIDENCE,0.000000
,Carson Beck,QB,CURRENT_ROOKIE,2026,,,,,,,,CURRENT_UNIVERSE_ONLY_NOT_TRAINING_ROW,,,,,,,,,,,,,,,,,,Canonical nflverse draft row has no exact GSIS player_id.,BLOCKED_ROOKIE_REVIEW_INSUFFICIENT_EVIDENCE,0.000000
,Oscar Delp,TE,CURRENT_ROOKIE,2026,,,,,,,,CURRENT_UNIVERSE_ONLY_NOT_TRAINING_ROW,,,,,,,,,,,,,,,,,,Canonical nflverse draft row has no exact GSIS player_id.,BLOCKED_ROOKIE_REVIEW_INSUFFICIENT_EVIDENCE,0.000000
,Colbie Young,WR,CURRENT_ROOKIE,2026,,,,,,,,CURRENT_UNIVERSE_ONLY_NOT_TRAINING_ROW,,,,,,,,,,,,,,,,,,Canonical nflverse draft row has no exact GSIS player_id.,BLOCKED_ROOKIE_REVIEW_INSUFFICIENT_EVIDENCE,0.000000
,Nicholas Singleton,RB,CURRENT_ROOKIE,2026,,,,,,,,CURRENT_UNIVERSE_ONLY_NOT_TRAINING_ROW,,,,,,,,,,,,,,,,,,Canonical nflverse draft row has no exact GSIS player_id.,BLOCKED_ROOKIE_REVIEW_INSUFFICIENT_EVIDENCE,0.000000
,Joe Royer,TE,CURRENT_ROOKIE,2026,,,,,,,,CURRENT_UNIVERSE_ONLY_NOT_TRAINING_ROW,,,,,,,,,,,,,,,,,,Canonical nflverse draft row has no exact GSIS player_id.,BLOCKED_ROOKIE_REVIEW_INSUFFICIENT_EVIDENCE,0.000000
,Deion Burks,WR,CURRENT_ROOKIE,2026,,,,,,,,CURRENT_UNIVERSE_ONLY_NOT_TRAINING_ROW,,,,,,,,,,,,,,,,,,Canonical nflverse draft row has no exact GSIS player_id.,BLOCKED_ROOKIE_REVIEW_INSUFFICIENT_EVIDENCE,0.000000
LOV121782,Jeremiyah Love,RB,CURRENT_ROOKIE,2026,21.000000,1.000000,3.000000,0.000000,0.000000,EXACT_GSIS_ID,nflverse immutable raw snapshots,CURRENT_PREDICTION_FRAME_AUTHORIZED_RAW_ENTRY_FACTS,0.000000,0.000000,0.000000,0.000000,OBSERVED_NO_RECORDED_PRODUCTION,0.000000,0.000000,0.000000,0.000000,OBSERVED_NO_RECORDED_PRODUCTION,0.000000,0.000000,0.000000,0.000000,OBSERVED_NO_RECORDED_PRODUCTION,0.000000,1.000000,,ELIGIBLE,1.000000
TYS405541,Jordyn Tyson,WR,CURRENT_ROOKIE,2026,22.000000,1.000000,8.000000,0.000000,0.000000,EXACT_GSIS_ID,nflverse immutable raw snapshots,CURRENT_PREDICTION_FRAME_AUTHORIZED_RAW_ENTRY_FACTS,0.000000,0.000000,0.000000,0.000000,OBSERVED_NO_RECORDED_PRODUCTION,0.000000,0.000000,0.000000,0.000000,OBSERVED_NO_RECORDED_PRODUCTION,0.000000,0.000000,0.000000,0.000000,OBSERVED_NO_RECORDED_PRODUCTION,0.000000,2.000000,,ELIGIBLE,1.000000
LEM694125,Makai Lemon,WR,CURRENT_ROOKIE,2026,22.000000,1.000000,20.000000,0.000000,0.000000,EXACT_GSIS_ID,nflverse immutable raw snapshots,CURRENT_PREDICTION_FRAME_AUTHORIZED_RAW_ENTRY_FACTS,0.000000,0.000000,0.000000,0.000000,OBSERVED_NO_RECORDED_PRODUCTION,0.000000,0.000000,0.000000,0.000000,OBSERVED_NO_RECORDED_PRODUCTION,0.000000,0.000000,0.000000,0.000000,OBSERVED_NO_RECORDED_PRODUCTION,0.000000,3.000000,,ELIGIBLE,1.000000
COL293648,Jonah Coleman,RB,CURRENT_ROOKIE,2026,23.000000,1.000000,108.000000,0.000000,0.000000,EXACT_GSIS_ID,nflverse immutable raw snapshots,CURRENT_PREDICTION_FRAME_AUTHORIZED_RAW_ENTRY_FACTS,0.000000,0.000000,0.000000,0.000000,OBSERVED_NO_RECORDED_PRODUCTION,0.000000,0.000000,0.000000,0.000000,OBSERVED_NO_RECORDED_PRODUCTION,0.000000,0.000000,0.000000,0.000000,OBSERVED_NO_RECORDED_PRODUCTION,0.000000,4.000000,,ELIGIBLE,1.000000
BEL597603,Skyler Bell,WR,CURRENT_ROOKIE,2026,24.000000,1.000000,125.000000,0.000000,0.000000,EXACT_GSIS_ID,nflverse immutable raw snapshots,CURRENT_PREDICTION_FRAME_AUTHORIZED_RAW_ENTRY_FACTS,0.000000,0.000000,0.000000,0.000000,OBSERVED_NO_RECORDED_PRODUCTION,0.000000,0.000000,0.000000,0.000000,OBSERVED_NO_RECORDED_PRODUCTION,0.000000,0.000000,0.000000,0.000000,OBSERVED_NO_RECORDED_PRODUCTION,0.000000,5.000000,,ELIGIBLE,1.000000
BOS677861,Denzel Boston,WR,CURRENT_ROOKIE,2026,22.000000,1.000000,39.000000,0.000000,0.000000,EXACT_GSIS_ID,nflverse immutable raw snapshots,CURRENT_PREDICTION_FRAME_AUTHORIZED_RAW_ENTRY_FACTS,0.000000,0.000000,0.000000,0.000000,OBSERVED_NO_RECORDED_PRODUCTION,0.000000,0.000000,0.000000,0.000000,OBSERVED_NO_RECORDED_PRODUCTION,0.000000,0.000000,0.000000,0.000000,OBSERVED_NO_RECORDED_PRODUCTION,0.000000,6.000000,,ELIGIBLE,1.000000
JOH224817,Emmett Johnson,RB,CURRENT_ROOKIE,2026,22.000000,1.000000,161.000000,0.000000,0.000000,EXACT_GSIS_ID,nflverse immutable raw snapshots,CURRENT_PREDICTION_FRAME_AUTHORIZED_RAW_ENTRY_FACTS,0.000000,0.000000,0.000000,0.000000,OBSERVED_NO_RECORDED_PRODUCTION,0.000000,0.000000,0.000000,0.000000,OBSERVED_NO_RECORDED_PRODUCTION,0.000000,0.000000,0.000000,0.000000,OBSERVED_NO_RECORDED_PRODUCTION,0.000000,7.000000,,ELIGIBLE,1.000000
TAT143045,Carnell Tate,WR,CURRENT_ROOKIE,2026,21.000000,1.000000,4.000000,0.000000,0.000000,EXACT_GSIS_ID,nflverse immutable raw snapshots,CURRENT_PREDICTION_FRAME_AUTHORIZED_RAW_ENTRY_FACTS,0.000000,0.000000,0.000000,0.000000,OBSERVED_NO_RECORDED_PRODUCTION,0.000000,0.000000,0.000000,0.000000,OBSERVED_NO_RECORDED_PRODUCTION,0.000000,0.000000,0.000000,0.000000,OBSERVED_NO_RECORDED_PRODUCTION,0.000000,8.000000,,ELIGIBLE,1.000000
BEL267684,Chris Bell,WR,CURRENT_ROOKIE,2026,22.000000,1.000000,94.000000,0.000000,0.000000,EXACT_GSIS_ID,nflverse immutable raw snapshots,CURRENT_PREDICTION_FRAME_AUTHORIZED_RAW_ENTRY_FACTS,0.000000,0.000000,0.000000,0.000000,OBSERVED_NO_RECORDED_PRODUCTION,0.000000,0.000000,0.000000,0.000000,OBSERVED_NO_RECORDED_PRODUCTION,0.000000,0.000000,0.000000,0.000000,OBSERVED_NO_RECORDED_PRODUCTION,0.000000,9.000000,,ELIGIBLE,1.000000
COO816508,Omar Cooper Jr.,WR,CURRENT_ROOKIE,2026,22.000000,1.000000,30.000000,0.000000,0.000000,EXACT_GSIS_ID,nflverse immutable raw snapshots,CURRENT_PREDICTION_FRAME_AUTHORIZED_RAW_ENTRY_FACTS,0.000000,0.000000,0.000000,0.000000,OBSERVED_NO_RECORDED_PRODUCTION,0.000000,0.000000,0.000000,0.000000,OBSERVED_NO_RECORDED_PRODUCTION,0.000000,0.000000,0.000000,0.000000,OBSERVED_NO_RECORDED_PRODUCTION,0.000000,10.000000,,ELIGIBLE,1.000000
BRA531428,Zachariah Branch,WR,CURRENT_ROOKIE,2026,22.000000,1.000000,79.000000,0.000000,0.000000,EXACT_GSIS_ID,nflverse immutable raw snapshots,CURRENT_PREDICTION_FRAME_AUTHORIZED_RAW_ENTRY_FACTS,0.000000,0.000000,0.000000,0.000000,OBSERVED_NO_RECORDED_PRODUCTION,0.000000,0.000000,0.000000,0.000000,OBSERVED_NO_RECORDED_PRODUCTION,0.000000,0.000000,0.000000,0.000000,OBSERVED_NO_RECORDED_PRODUCTION,0.000000,11.000000,,ELIGIBLE,1.000000
BER218265,Germie Bernard,WR,CURRENT_ROOKIE,2026,22.000000,1.000000,47.000000,0.000000,0.000000,EXACT_GSIS_ID,nflverse immutable raw snapshots,CURRENT_PREDICTION_FRAME_AUTHORIZED_RAW_ENTRY_FACTS,0.000000,0.000000,0.000000,0.000000,OBSERVED_NO_RECORDED_PRODUCTION,0.000000,0.000000,0.000000,0.000000,OBSERVED_NO_RECORDED_PRODUCTION,0.000000,0.000000,0.000000,0.000000,OBSERVED_NO_RECORDED_PRODUCTION,0.000000,12.000000,,ELIGIBLE,1.000000
HUR541377,Ted Hurst,WR,CURRENT_ROOKIE,2026,22.000000,1.000000,84.000000,0.000000,0.000000,EXACT_GSIS_ID,nflverse immutable raw snapshots,CURRENT_PREDICTION_FRAME_AUTHORIZED_RAW_ENTRY_FACTS,0.000000,0.000000,0.000000,0.000000,OBSERVED_NO_RECORDED_PRODUCTION,0.000000,0.000000,0.000000,0.000000,OBSERVED_NO_RECORDED_PRODUCTION,0.000000,0.000000,0.000000,0.000000,OBSERVED_NO_RECORDED_PRODUCTION,0.000000,13.000000,,ELIGIBLE,1.000000
CON046719,KC Concepcion,WR,CURRENT_ROOKIE,2026,21.000000,1.000000,24.000000,0.000000,0.000000,EXACT_GSIS_ID,nflverse immutable raw snapshots,CURRENT_PREDICTION_FRAME_AUTHORIZED_RAW_ENTRY_FACTS,0.000000,0.000000,0.000000,0.000000,OBSERVED_NO_RECORDED_PRODUCTION,0.000000,0.000000,0.000000,0.000000,OBSERVED_NO_RECORDED_PRODUCTION,0.000000,0.000000,0.000000,0.000000,OBSERVED_NO_RECORDED_PRODUCTION,0.000000,14.000000,,ELIGIBLE,1.000000
FIE775129,Malachi Fields,WR,CURRENT_ROOKIE,2026,23.000000,1.000000,74.000000,0.000000,0.000000,EXACT_GSIS_ID,nflverse immutable raw snapshots,CURRENT_PREDICTION_FRAME_AUTHORIZED_RAW_ENTRY_FACTS,0.000000,0.000000,0.000000,0.000000,OBSERVED_NO_RECORDED_PRODUCTION,0.000000,0.000000,0.000000,0.000000,OBSERVED_NO_RECORDED_PRODUCTION,0.000000,0.000000,0.000000,0.000000,OBSERVED_NO_RECORDED_PRODUCTION,0.000000,15.000000,,ELIGIBLE,1.000000
BRA836631,Chris Brazzell II,WR,CURRENT_ROOKIE,2026,22.000000,1.000000,83.000000,0.000000,0.000000,EXACT_GSIS_ID,nflverse immutable raw snapshots,CURRENT_PREDICTION_FRAME_AUTHORIZED_RAW_ENTRY_FACTS,0.000000,0.000000,0.000000,0.000000,OBSERVED_NO_RECORDED_PRODUCTION,0.000000,0.000000,0.000000,0.000000,OBSERVED_NO_RECORDED_PRODUCTION,0.000000,0.000000,0.000000,0.000000,OBSERVED_NO_RECORDED_PRODUCTION,0.000000,16.000000,,ELIGIBLE,1.000000
WIL143106,Antonio Williams,WR,CURRENT_ROOKIE,2026,22.000000,1.000000,71.000000,0.000000,0.000000,EXACT_GSIS_ID,nflverse immutable raw snapshots,CURRENT_PREDICTION_FRAME_AUTHORIZED_RAW_ENTRY_FACTS,0.000000,0.000000,0.000000,0.000000,OBSERVED_NO_RECORDED_PRODUCTION,0.000000,0.000000,0.000000,0.000000,OBSERVED_NO_RECORDED_PRODUCTION,0.000000,0.000000,0.000000,0.000000,OBSERVED_NO_RECORDED_PRODUCTION,0.000000,17.000000,,ELIGIBLE,1.000000
DOU210628,Caleb Douglas,WR,CURRENT_ROOKIE,2026,22.000000,1.000000,75.000000,0.000000,0.000000,EXACT_GSIS_ID,nflverse immutable raw snapshots,CURRENT_PREDICTION_FRAME_AUTHORIZED_RAW_ENTRY_FACTS,0.000000,0.000000,0.000000,0.000000,OBSERVED_NO_RECORDED_PRODUCTION,0.000000,0.000000,0.000000,0.000000,OBSERVED_NO_RECORDED_PRODUCTION,0.000000,0.000000,0.000000,0.000000,OBSERVED_NO_RECORDED_PRODUCTION,0.000000,18.000000,,ELIGIBLE,1.000000
PRI206342,Jadarian Price,RB,CURRENT_ROOKIE,2026,22.000000,1.000000,32.000000,0.000000,0.000000,EXACT_GSIS_ID,nflverse immutable raw snapshots,CURRENT_PREDICTION_FRAME_AUTHORIZED_RAW_ENTRY_FACTS,0.000000,0.000000,0.000000,0.000000,OBSERVED_NO_RECORDED_PRODUCTION,0.000000,0.000000,0.000000,0.000000,OBSERVED_NO_RECORDED_PRODUCTION,0.000000,0.000000,0.000000,0.000000,OBSERVED_NO_RECORDED_PRODUCTION,0.000000,19.000000,,ELIGIBLE,1.000000
SAD482340,Kenyon Sadiq,TE,CURRENT_ROOKIE,2026,21.000000,1.000000,16.000000,0.000000,0.000000,EXACT_GSIS_ID,nflverse immutable raw snapshots,CURRENT_PREDICTION_FRAME_AUTHORIZED_RAW_ENTRY_FACTS,0.000000,0.000000,0.000000,0.000000,OBSERVED_NO_RECORDED_PRODUCTION,0.000000,0.000000,0.000000,0.000000,OBSERVED_NO_RECORDED_PRODUCTION,0.000000,0.000000,0.000000,0.000000,OBSERVED_NO_RECORDED_PRODUCTION,0.000000,20.000000,,ELIGIBLE,1.000000
MCG547540,Seth McGowan,RB,CURRENT_ROOKIE,2026,24.000000,1.000000,237.000000,0.000000,0.000000,EXACT_GSIS_ID,nflverse immutable raw snapshots,CURRENT_PREDICTION_FRAME_AUTHORIZED_RAW_ENTRY_FACTS,0.000000,0.000000,0.000000,0.000000,OBSERVED_NO_RECORDED_PRODUCTION,0.000000,0.000000,0.000000,0.000000,OBSERVED_NO_RECORDED_PRODUCTION,0.000000,0.000000,0.000000,0.000000,OBSERVED_NO_RECORDED_PRODUCTION,0.000000,21.000000,,ELIGIBLE,1.000000
WAS797326,Mike Washington Jr.,RB,CURRENT_ROOKIE,2026,23.000000,1.000000,122.000000,0.000000,0.000000,EXACT_GSIS_ID,nflverse immutable raw snapshots,CURRENT_PREDICTION_FRAME_AUTHORIZED_RAW_ENTRY_FACTS,0.000000,0.000000,0.000000,0.000000,OBSERVED_NO_RECORDED_PRODUCTION,0.000000,0.000000,0.000000,0.000000,OBSERVED_NO_RECORDED_PRODUCTION,0.000000,0.000000,0.000000,0.000000,OBSERVED_NO_RECORDED_PRODUCTION,0.000000,22.000000,,ELIGIBLE,1.000000
COL362413,Kevin Coleman Jr.,WR,CURRENT_ROOKIE,2026,22.000000,1.000000,177.000000,0.000000,0.000000,EXACT_GSIS_ID,nflverse immutable raw snapshots,CURRENT_PREDICTION_FRAME_AUTHORIZED_RAW_ENTRY_FACTS,0.000000,0.000000,0.000000,0.000000,OBSERVED_NO_RECORDED_PRODUCTION,0.000000,0.000000,0.000000,0.000000,OBSERVED_NO_RECORDED_PRODUCTION,0.000000,0.000000,0.000000,0.000000,OBSERVED_NO_RECORDED_PRODUCTION,0.000000,23.000000,,ELIGIBLE,1.000000
ALL532376,Kaytron Allen,RB,CURRENT_ROOKIE,2026,23.000000,1.000000,187.000000,0.000000,0.000000,EXACT_GSIS_ID,nflverse immutable raw snapshots,CURRENT_PREDICTION_FRAME_AUTHORIZED_RAW_ENTRY_FACTS,0.000000,0.000000,0.000000,0.000000,OBSERVED_NO_RECORDED_PRODUCTION,0.000000,0.000000,0.000000,0.000000,OBSERVED_NO_RECORDED_PRODUCTION,0.000000,0.000000,0.000000,0.000000,OBSERVED_NO_RECORDED_PRODUCTION,0.000000,24.000000,,ELIGIBLE,1.000000
SAR527100,Elijah Sarratt,WR,CURRENT_ROOKIE,2026,23.000000,1.000000,115.000000,0.000000,0.000000,EXACT_GSIS_ID,nflverse immutable raw snapshots,CURRENT_PREDICTION_FRAME_AUTHORIZED_RAW_ENTRY_FACTS,0.000000,0.000000,0.000000,0.000000,OBSERVED_NO_RECORDED_PRODUCTION,0.000000,0.000000,0.000000,0.000000,OBSERVED_NO_RECORDED_PRODUCTION,0.000000,0.000000,0.000000,0.000000,OBSERVED_NO_RECORDED_PRODUCTION,0.000000,25.000000,,ELIGIBLE,1.000000
CLA041524,Demond Claiborne,RB,CURRENT_ROOKIE,2026,22.000000,1.000000,198.000000,0.000000,0.000000,EXACT_GSIS_ID,nflverse immutable raw snapshots,CURRENT_PREDICTION_FRAME_AUTHORIZED_RAW_ENTRY_FACTS,0.000000,0.000000,0.000000,0.000000,OBSERVED_NO_RECORDED_PRODUCTION,0.000000,0.000000,0.000000,0.000000,OBSERVED_NO_RECORDED_PRODUCTION,0.000000,0.000000,0.000000,0.000000,OBSERVED_NO_RECORDED_PRODUCTION,0.000000,26.000000,,ELIGIBLE,1.000000
THO495568,Brenen Thompson,WR,CURRENT_ROOKIE,2026,23.000000,1.000000,105.000000,0.000000,0.000000,EXACT_GSIS_ID,nflverse immutable raw snapshots,CURRENT_PREDICTION_FRAME_AUTHORIZED_RAW_ENTRY_FACTS,0.000000,0.000000,0.000000,0.000000,OBSERVED_NO_RECORDED_PRODUCTION,0.000000,0.000000,0.000000,0.000000,OBSERVED_NO_RECORDED_PRODUCTION,0.000000,0.000000,0.000000,0.000000,OBSERVED_NO_RECORDED_PRODUCTION,0.000000,27.000000,,ELIGIBLE,1.000000
RAN022436,Adam Randall,RB,CURRENT_ROOKIE,2026,22.000000,1.000000,174.000000,0.000000,0.000000,EXACT_GSIS_ID,nflverse immutable raw snapshots,CURRENT_PREDICTION_FRAME_AUTHORIZED_RAW_ENTRY_FACTS,0.000000,0.000000,0.000000,0.000000,OBSERVED_NO_RECORDED_PRODUCTION,0.000000,0.000000,0.000000,0.000000,OBSERVED_NO_RECORDED_PRODUCTION,0.000000,0.000000,0.000000,0.000000,OBSERVED_NO_RECORDED_PRODUCTION,0.000000,28.000000,,ELIGIBLE,1.000000
DAN490797,CJ Daniels,WR,CURRENT_ROOKIE,2026,24.304401,1.000000,197.000000,0.000000,0.000000,EXACT_GSIS_ID,nflverse immutable raw snapshots,CURRENT_PREDICTION_FRAME_AUTHORIZED_RAW_ENTRY_FACTS,0.000000,0.000000,0.000000,0.000000,OBSERVED_NO_RECORDED_PRODUCTION,0.000000,0.000000,0.000000,0.000000,OBSERVED_NO_RECORDED_PRODUCTION,0.000000,0.000000,0.000000,0.000000,OBSERVED_NO_RECORDED_PRODUCTION,0.000000,29.000000,,ELIGIBLE,1.000000
MEN516487,Fernando Mendoza,QB,CURRENT_ROOKIE,2026,22.000000,1.000000,1.000000,0.000000,0.000000,EXACT_GSIS_ID,nflverse immutable raw snapshots,CURRENT_PREDICTION_FRAME_AUTHORIZED_RAW_ENTRY_FACTS,0.000000,0.000000,0.000000,0.000000,OBSERVED_NO_RECORDED_PRODUCTION,0.000000,0.000000,0.000000,0.000000,OBSERVED_NO_RECORDED_PRODUCTION,0.000000,0.000000,0.000000,0.000000,OBSERVED_NO_RECORDED_PRODUCTION,0.000000,30.000000,,ELIGIBLE,1.000000
LAN311008,Ja'Kobi Lane,WR,CURRENT_ROOKIE,2026,22.000000,1.000000,80.000000,0.000000,0.000000,EXACT_GSIS_ID,nflverse immutable raw snapshots,CURRENT_PREDICTION_FRAME_AUTHORIZED_RAW_ENTRY_FACTS,0.000000,0.000000,0.000000,0.000000,OBSERVED_NO_RECORDED_PRODUCTION,0.000000,0.000000,0.000000,0.000000,OBSERVED_NO_RECORDED_PRODUCTION,0.000000,0.000000,0.000000,0.000000,OBSERVED_NO_RECORDED_PRODUCTION,0.000000,31.000000,,ELIGIBLE,1.000000
CAM108646,Josh Cameron,WR,CURRENT_ROOKIE,2026,23.000000,1.000000,191.000000,0.000000,0.000000,EXACT_GSIS_ID,nflverse immutable raw snapshots,CURRENT_PREDICTION_FRAME_AUTHORIZED_RAW_ENTRY_FACTS,0.000000,0.000000,0.000000,0.000000,OBSERVED_NO_RECORDED_PRODUCTION,0.000000,0.000000,0.000000,0.000000,OBSERVED_NO_RECORDED_PRODUCTION,0.000000,0.000000,0.000000,0.000000,OBSERVED_NO_RECORDED_PRODUCTION,0.000000,32.000000,,ELIGIBLE,1.000000
THO417520,Zavion Thomas,WR,CURRENT_ROOKIE,2026,21.000000,1.000000,89.000000,0.000000,0.000000,EXACT_GSIS_ID,nflverse immutable raw snapshots,CURRENT_PREDICTION_FRAME_AUTHORIZED_RAW_ENTRY_FACTS,0.000000,0.000000,0.000000,0.000000,OBSERVED_NO_RECORDED_PRODUCTION,0.000000,0.000000,0.000000,0.000000,OBSERVED_NO_RECORDED_PRODUCTION,0.000000,0.000000,0.000000,0.000000,OBSERVED_NO_RECORDED_PRODUCTION,0.000000,33.000000,,ELIGIBLE,1.000000
BON235618,Lewis Bond,WR,CURRENT_ROOKIE,2026,22.908068,1.000000,204.000000,0.000000,0.000000,EXACT_GSIS_ID,nflverse immutable raw snapshots,CURRENT_PREDICTION_FRAME_AUTHORIZED_RAW_ENTRY_FACTS,0.000000,0.000000,0.000000,0.000000,OBSERVED_NO_RECORDED_PRODUCTION,0.000000,0.000000,0.000000,0.000000,OBSERVED_NO_RECORDED_PRODUCTION,0.000000,0.000000,0.000000,0.000000,OBSERVED_NO_RECORDED_PRODUCTION,0.000000,34.000000,,ELIGIBLE,1.000000
ALL092954,Cyrus Allen,WR,CURRENT_ROOKIE,2026,23.000000,1.000000,176.000000,0.000000,0.000000,EXACT_GSIS_ID,nflverse immutable raw snapshots,CURRENT_PREDICTION_FRAME_AUTHORIZED_RAW_ENTRY_FACTS,0.000000,0.000000,0.000000,0.000000,OBSERVED_NO_RECORDED_PRODUCTION,0.000000,0.000000,0.000000,0.000000,OBSERVED_NO_RECORDED_PRODUCTION,0.000000,0.000000,0.000000,0.000000,OBSERVED_NO_RECORDED_PRODUCTION,0.000000,35.000000,,ELIGIBLE,1.000000
LAN016345,Bryce Lance,WR,CURRENT_ROOKIE,2026,24.000000,1.000000,136.000000,0.000000,0.000000,EXACT_GSIS_ID,nflverse immutable raw snapshots,CURRENT_PREDICTION_FRAME_AUTHORIZED_RAW_ENTRY_FACTS,0.000000,0.000000,0.000000,0.000000,OBSERVED_NO_RECORDED_PRODUCTION,0.000000,0.000000,0.000000,0.000000,OBSERVED_NO_RECORDED_PRODUCTION,0.000000,0.000000,0.000000,0.000000,OBSERVED_NO_RECORDED_PRODUCTION,0.000000,36.000000,,ELIGIBLE,1.000000
WIL189259,CJ Williams,WR,CURRENT_ROOKIE,2026,23.504932,1.000000,203.000000,0.000000,0.000000,EXACT_GSIS_ID,nflverse immutable raw snapshots,CURRENT_PREDICTION_FRAME_AUTHORIZED_RAW_ENTRY_FACTS,0.000000,0.000000,0.000000,0.000000,OBSERVED_NO_RECORDED_PRODUCTION,0.000000,0.000000,0.000000,0.000000,OBSERVED_NO_RECORDED_PRODUCTION,0.000000,0.000000,0.000000,0.000000,OBSERVED_NO_RECORDED_PRODUCTION,0.000000,37.000000,,ELIGIBLE,1.000000
BLA097235,Kaelon Black,RB,CURRENT_ROOKIE,2026,24.000000,1.000000,90.000000,0.000000,0.000000,EXACT_GSIS_ID,nflverse immutable raw snapshots,CURRENT_PREDICTION_FRAME_AUTHORIZED_RAW_ENTRY_FACTS,0.000000,0.000000,0.000000,0.000000,OBSERVED_NO_RECORDED_PRODUCTION,0.000000,0.000000,0.000000,0.000000,OBSERVED_NO_RECORDED_PRODUCTION,0.000000,0.000000,0.000000,0.000000,OBSERVED_NO_RECORDED_PRODUCTION,0.000000,38.000000,,ELIGIBLE,1.000000
SMI038569,Anthony Smith,WR,CURRENT_ROOKIE,2026,24.151078,1.000000,218.000000,0.000000,0.000000,EXACT_GSIS_ID,nflverse immutable raw snapshots,CURRENT_PREDICTION_FRAME_AUTHORIZED_RAW_ENTRY_FACTS,0.000000,0.000000,0.000000,0.000000,OBSERVED_NO_RECORDED_PRODUCTION,0.000000,0.000000,0.000000,0.000000,OBSERVED_NO_RECORDED_PRODUCTION,0.000000,0.000000,0.000000,0.000000,OBSERVED_NO_RECORDED_PRODUCTION,0.000000,39.000000,,ELIGIBLE,1.000000
KOZ404039,Tanner Koziol,TE,CURRENT_ROOKIE,2026,22.240019,1.000000,164.000000,0.000000,0.000000,EXACT_GSIS_ID,nflverse immutable raw snapshots,CURRENT_PREDICTION_FRAME_AUTHORIZED_RAW_ENTRY_FACTS,0.000000,0.000000,0.000000,0.000000,OBSERVED_NO_RECORDED_PRODUCTION,0.000000,0.000000,0.000000,0.000000,OBSERVED_NO_RECORDED_PRODUCTION,0.000000,0.000000,0.000000,0.000000,OBSERVED_NO_RECORDED_PRODUCTION,0.000000,40.000000,,ELIGIBLE,1.000000
ROU550040,Sam Roush,TE,CURRENT_ROOKIE,2026,23.000000,1.000000,69.000000,0.000000,0.000000,EXACT_GSIS_ID,nflverse immutable raw snapshots,CURRENT_PREDICTION_FRAME_AUTHORIZED_RAW_ENTRY_FACTS,0.000000,0.000000,0.000000,0.000000,OBSERVED_NO_RECORDED_PRODUCTION,0.000000,0.000000,0.000000,0.000000,OBSERVED_NO_RECORDED_PRODUCTION,0.000000,0.000000,0.000000,0.000000,OBSERVED_NO_RECORDED_PRODUCTION,0.000000,41.000000,,ELIGIBLE,1.000000
KLA269938,Max Klare,TE,CURRENT_ROOKIE,2026,23.000000,1.000000,61.000000,0.000000,0.000000,EXACT_GSIS_ID,nflverse immutable raw snapshots,CURRENT_PREDICTION_FRAME_AUTHORIZED_RAW_ENTRY_FACTS,0.000000,0.000000,0.000000,0.000000,OBSERVED_NO_RECORDED_PRODUCTION,0.000000,0.000000,0.000000,0.000000,OBSERVED_NO_RECORDED_PRODUCTION,0.000000,0.000000,0.000000,0.000000,OBSERVED_NO_RECORDED_PRODUCTION,0.000000,42.000000,,ELIGIBLE,1.000000
JOL735174,Justin Joly,TE,CURRENT_ROOKIE,2026,22.000000,1.000000,152.000000,0.000000,0.000000,EXACT_GSIS_ID,nflverse immutable raw snapshots,CURRENT_PREDICTION_FRAME_AUTHORIZED_RAW_ENTRY_FACTS,0.000000,0.000000,0.000000,0.000000,OBSERVED_NO_RECORDED_PRODUCTION,0.000000,0.000000,0.000000,0.000000,OBSERVED_NO_RECORDED_PRODUCTION,0.000000,0.000000,0.000000,0.000000,OBSERVED_NO_RECORDED_PRODUCTION,0.000000,43.000000,,ELIGIBLE,1.000000
CUE040912,Josh Cuevas,TE,CURRENT_ROOKIE,2026,22.000000,1.000000,173.000000,0.000000,0.000000,EXACT_GSIS_ID,nflverse immutable raw snapshots,CURRENT_PREDICTION_FRAME_AUTHORIZED_RAW_ENTRY_FACTS,0.000000,0.000000,0.000000,0.000000,OBSERVED_NO_RECORDED_PRODUCTION,0.000000,0.000000,0.000000,0.000000,OBSERVED_NO_RECORDED_PRODUCTION,0.000000,0.000000,0.000000,0.000000,OBSERVED_NO_RECORDED_PRODUCTION,0.000000,44.000000,,ELIGIBLE,1.000000
STO806346,Eli Stowers,TE,CURRENT_ROOKIE,2026,23.000000,1.000000,54.000000,0.000000,0.000000,EXACT_GSIS_ID,nflverse immutable raw snapshots,CURRENT_PREDICTION_FRAME_AUTHORIZED_RAW_ENTRY_FACTS,0.000000,0.000000,0.000000,0.000000,OBSERVED_NO_RECORDED_PRODUCTION,0.000000,0.000000,0.000000,0.000000,OBSERVED_NO_RECORDED_PRODUCTION,0.000000,0.000000,0.000000,0.000000,OBSERVED_NO_RECORDED_PRODUCTION,0.000000,45.000000,,ELIGIBLE,1.000000
RAR148318,Eli Raridon,TE,CURRENT_ROOKIE,2026,22.000000,1.000000,95.000000,0.000000,0.000000,EXACT_GSIS_ID,nflverse immutable raw snapshots,CURRENT_PREDICTION_FRAME_AUTHORIZED_RAW_ENTRY_FACTS,0.000000,0.000000,0.000000,0.000000,OBSERVED_NO_RECORDED_PRODUCTION,0.000000,0.000000,0.000000,0.000000,OBSERVED_NO_RECORDED_PRODUCTION,0.000000,0.000000,0.000000,0.000000,OBSERVED_NO_RECORDED_PRODUCTION,0.000000,46.000000,,ELIGIBLE,1.000000
VIR271235,Reggie Virgil,WR,CURRENT_ROOKIE,2026,22.000000,1.000000,143.000000,0.000000,0.000000,EXACT_GSIS_ID,nflverse immutable raw snapshots,CURRENT_PREDICTION_FRAME_AUTHORIZED_RAW_ENTRY_FACTS,0.000000,0.000000,0.000000,0.000000,OBSERVED_NO_RECORDED_PRODUCTION,0.000000,0.000000,0.000000,0.000000,OBSERVED_NO_RECORDED_PRODUCTION,0.000000,0.000000,0.000000,0.000000,OBSERVED_NO_RECORDED_PRODUCTION,0.000000,47.000000,,ELIGIBLE,1.000000
KLE258860,Marlin Klein,TE,CURRENT_ROOKIE,2026,23.000000,1.000000,59.000000,0.000000,0.000000,EXACT_GSIS_ID,nflverse immutable raw snapshots,CURRENT_PREDICTION_FRAME_AUTHORIZED_RAW_ENTRY_FACTS,0.000000,0.000000,0.000000,0.000000,OBSERVED_NO_RECORDED_PRODUCTION,0.000000,0.000000,0.000000,0.000000,OBSERVED_NO_RECORDED_PRODUCTION,0.000000,0.000000,0.000000,0.000000,OBSERVED_NO_RECORDED_PRODUCTION,0.000000,48.000000,,ELIGIBLE,1.000000
BEN687044,Dallen Bentley,TE,CURRENT_ROOKIE,2026,25.000000,1.000000,256.000000,0.000000,0.000000,EXACT_GSIS_ID,nflverse immutable raw snapshots,CURRENT_PREDICTION_FRAME_AUTHORIZED_RAW_ENTRY_FACTS,0.000000,0.000000,0.000000,0.000000,OBSERVED_NO_RECORDED_PRODUCTION,0.000000,0.000000,0.000000,0.000000,OBSERVED_NO_RECORDED_PRODUCTION,0.000000,0.000000,0.000000,0.000000,OBSERVED_NO_RECORDED_PRODUCTION,0.000000,49.000000,,ELIGIBLE,1.000000
END438361,Jack Endries,TE,CURRENT_ROOKIE,2026,22.000000,1.000000,221.000000,0.000000,0.000000,EXACT_GSIS_ID,nflverse immutable raw snapshots,CURRENT_PREDICTION_FRAME_AUTHORIZED_RAW_ENTRY_FACTS,0.000000,0.000000,0.000000,0.000000,OBSERVED_NO_RECORDED_PRODUCTION,0.000000,0.000000,0.000000,0.000000,OBSERVED_NO_RECORDED_PRODUCTION,0.000000,0.000000,0.000000,0.000000,OBSERVED_NO_RECORDED_PRODUCTION,0.000000,50.000000,,ELIGIBLE,1.000000
HEN199637,Emmanuel Henderson Jr.,WR,CURRENT_ROOKIE,2026,23.096984,1.000000,199.000000,0.000000,0.000000,EXACT_GSIS_ID,nflverse immutable raw snapshots,CURRENT_PREDICTION_FRAME_AUTHORIZED_RAW_ENTRY_FACTS,0.000000,0.000000,0.000000,0.000000,OBSERVED_NO_RECORDED_PRODUCTION,0.000000,0.000000,0.000000,0.000000,OBSERVED_NO_RECORDED_PRODUCTION,0.000000,0.000000,0.000000,0.000000,OBSERVED_NO_RECORDED_PRODUCTION,0.000000,51.000000,,ELIGIBLE,1.000000
LAW090280,Kendrick Law,WR,CURRENT_ROOKIE,2026,23.000000,1.000000,168.000000,0.000000,0.000000,EXACT_GSIS_ID,nflverse immutable raw snapshots,CURRENT_PREDICTION_FRAME_AUTHORIZED_RAW_ENTRY_FACTS,0.000000,0.000000,0.000000,0.000000,OBSERVED_NO_RECORDED_PRODUCTION,0.000000,0.000000,0.000000,0.000000,OBSERVED_NO_RECORDED_PRODUCTION,0.000000,0.000000,0.000000,0.000000,OBSERVED_NO_RECORDED_PRODUCTION,0.000000,52.000000,,ELIGIBLE,1.000000
BRO268113,Barion Brown,WR,CURRENT_ROOKIE,2026,22.368700,1.000000,190.000000,0.000000,0.000000,EXACT_GSIS_ID,nflverse immutable raw snapshots,CURRENT_PREDICTION_FRAME_AUTHORIZED_RAW_ENTRY_FACTS,0.000000,0.000000,0.000000,0.000000,OBSERVED_NO_RECORDED_PRODUCTION,0.000000,0.000000,0.000000,0.000000,OBSERVED_NO_RECORDED_PRODUCTION,0.000000,0.000000,0.000000,0.000000,OBSERVED_NO_RECORDED_PRODUCTION,0.000000,53.000000,,ELIGIBLE,1.000000
HIB564972,Matthew Hibner,TE,CURRENT_ROOKIE,2026,24.000000,1.000000,133.000000,0.000000,0.000000,EXACT_GSIS_ID,nflverse immutable raw snapshots,CURRENT_PREDICTION_FRAME_AUTHORIZED_RAW_ENTRY_FACTS,0.000000,0.000000,0.000000,0.000000,OBSERVED_NO_RECORDED_PRODUCTION,0.000000,0.000000,0.000000,0.000000,OBSERVED_NO_RECORDED_PRODUCTION,0.000000,0.000000,0.000000,0.000000,OBSERVED_NO_RECORDED_PRODUCTION,0.000000,54.000000,,ELIGIBLE,1.000000
SHA375359,Bauer Sharp,TE,CURRENT_ROOKIE,2026,23.000000,1.000000,185.000000,0.000000,0.000000,EXACT_GSIS_ID,nflverse immutable raw snapshots,CURRENT_PREDICTION_FRAME_AUTHORIZED_RAW_ENTRY_FACTS,0.000000,0.000000,0.000000,0.000000,OBSERVED_NO_RECORDED_PRODUCTION,0.000000,0.000000,0.000000,0.000000,OBSERVED_NO_RECORDED_PRODUCTION,0.000000,0.000000,0.000000,0.000000,OBSERVED_NO_RECORDED_PRODUCTION,0.000000,55.000000,,ELIGIBLE,1.000000
KAN023071,Jaren Kanak,TE,CURRENT_ROOKIE,2026,22.000000,1.000000,225.000000,0.000000,0.000000,EXACT_GSIS_ID,nflverse immutable raw snapshots,CURRENT_PREDICTION_FRAME_AUTHORIZED_RAW_ENTRY_FACTS,0.000000,0.000000,0.000000,0.000000,OBSERVED_NO_RECORDED_PRODUCTION,0.000000,0.000000,0.000000,0.000000,OBSERVED_NO_RECORDED_PRODUCTION,0.000000,0.000000,0.000000,0.000000,OBSERVED_NO_RECORDED_PRODUCTION,0.000000,56.000000,,ELIGIBLE,1.000000
BOE586077,Nate Boerkircher,TE,CURRENT_ROOKIE,2026,25.000000,1.000000,56.000000,0.000000,0.000000,EXACT_GSIS_ID,nflverse immutable raw snapshots,CURRENT_PREDICTION_FRAME_AUTHORIZED_RAW_ENTRY_FACTS,0.000000,0.000000,0.000000,0.000000,OBSERVED_NO_RECORDED_PRODUCTION,0.000000,0.000000,0.000000,0.000000,OBSERVED_NO_RECORDED_PRODUCTION,0.000000,0.000000,0.000000,0.000000,OBSERVED_NO_RECORDED_PRODUCTION,0.000000,57.000000,,ELIGIBLE,1.000000
TRA291459,Seydou Traore,TE,CURRENT_ROOKIE,2026,23.702061,1.000000,180.000000,0.000000,0.000000,EXACT_GSIS_ID,nflverse immutable raw snapshots,CURRENT_PREDICTION_FRAME_AUTHORIZED_RAW_ENTRY_FACTS,0.000000,0.000000,0.000000,0.000000,OBSERVED_NO_RECORDED_PRODUCTION,0.000000,0.000000,0.000000,0.000000,OBSERVED_NO_RECORDED_PRODUCTION,0.000000,0.000000,0.000000,0.000000,OBSERVED_NO_RECORDED_PRODUCTION,0.000000,58.000000,,ELIGIBLE,1.000000
NOW373761,Riley Nowakowski,TE,CURRENT_ROOKIE,2026,24.000000,1.000000,169.000000,0.000000,0.000000,EXACT_GSIS_ID,nflverse immutable raw snapshots,CURRENT_PREDICTION_FRAME_AUTHORIZED_RAW_ENTRY_FACTS,0.000000,0.000000,0.000000,0.000000,OBSERVED_NO_RECORDED_PRODUCTION,0.000000,0.000000,0.000000,0.000000,OBSERVED_NO_RECORDED_PRODUCTION,0.000000,0.000000,0.000000,0.000000,OBSERVED_NO_RECORDED_PRODUCTION,0.000000,59.000000,,ELIGIBLE,1.000000
BEN601117,Malik Benson,WR,CURRENT_ROOKIE,2026,23.521359,1.000000,195.000000,0.000000,0.000000,EXACT_GSIS_ID,nflverse immutable raw snapshots,CURRENT_PREDICTION_FRAME_AUTHORIZED_RAW_ENTRY_FACTS,0.000000,0.000000,0.000000,0.000000,OBSERVED_NO_RECORDED_PRODUCTION,0.000000,0.000000,0.000000,0.000000,OBSERVED_NO_RECORDED_PRODUCTION,0.000000,0.000000,0.000000,0.000000,OBSERVED_NO_RECORDED_PRODUCTION,0.000000,60.000000,,ELIGIBLE,1.000000
MIL303300,Jam Miller,RB,CURRENT_ROOKIE,2026,22.000000,1.000000,245.000000,0.000000,0.000000,EXACT_GSIS_ID,nflverse immutable raw snapshots,CURRENT_PREDICTION_FRAME_AUTHORIZED_RAW_ENTRY_FACTS,0.000000,0.000000,0.000000,0.000000,OBSERVED_NO_RECORDED_PRODUCTION,0.000000,0.000000,0.000000,0.000000,OBSERVED_NO_RECORDED_PRODUCTION,0.000000,0.000000,0.000000,0.000000,OBSERVED_NO_RECORDED_PRODUCTION,0.000000,61.000000,,ELIGIBLE,1.000000
RYA022232,Carsen Ryan,TE,CURRENT_ROOKIE,2026,23.000000,1.000000,248.000000,0.000000,0.000000,EXACT_GSIS_ID,nflverse immutable raw snapshots,CURRENT_PREDICTION_FRAME_AUTHORIZED_RAW_ENTRY_FACTS,0.000000,0.000000,0.000000,0.000000,OBSERVED_NO_RECORDED_PRODUCTION,0.000000,0.000000,0.000000,0.000000,OBSERVED_NO_RECORDED_PRODUCTION,0.000000,0.000000,0.000000,0.000000,OBSERVED_NO_RECORDED_PRODUCTION,0.000000,62.000000,,ELIGIBLE,1.000000
SIM639376,Ty Simpson,QB,CURRENT_ROOKIE,2026,23.000000,1.000000,13.000000,0.000000,0.000000,EXACT_GSIS_ID,nflverse immutable raw snapshots,CURRENT_PREDICTION_FRAME_AUTHORIZED_RAW_ENTRY_FACTS,0.000000,0.000000,0.000000,0.000000,OBSERVED_NO_RECORDED_PRODUCTION,0.000000,0.000000,0.000000,0.000000,OBSERVED_NO_RECORDED_PRODUCTION,0.000000,0.000000,0.000000,0.000000,OBSERVED_NO_RECORDED_PRODUCTION,0.000000,63.000000,,ELIGIBLE,1.000000
GRE361852,Taylen Green,QB,CURRENT_ROOKIE,2026,23.000000,1.000000,182.000000,0.000000,0.000000,EXACT_GSIS_ID,nflverse immutable raw snapshots,CURRENT_PREDICTION_FRAME_AUTHORIZED_RAW_ENTRY_FACTS,0.000000,0.000000,0.000000,0.000000,OBSERVED_NO_RECORDED_PRODUCTION,0.000000,0.000000,0.000000,0.000000,OBSERVED_NO_RECORDED_PRODUCTION,0.000000,0.000000,0.000000,0.000000,OBSERVED_NO_RECORDED_PRODUCTION,0.000000,64.000000,,ELIGIBLE,1.000000
ALL015451,Drew Allar,QB,CURRENT_ROOKIE,2026,22.000000,1.000000,76.000000,0.000000,0.000000,EXACT_GSIS_ID,nflverse immutable raw snapshots,CURRENT_PREDICTION_FRAME_AUTHORIZED_RAW_ENTRY_FACTS,0.000000,0.000000,0.000000,0.000000,OBSERVED_NO_RECORDED_PRODUCTION,0.000000,0.000000,0.000000,0.000000,OBSERVED_NO_RECORDED_PRODUCTION,0.000000,0.000000,0.000000,0.000000,OBSERVED_NO_RECORDED_PRODUCTION,0.000000,65.000000,,ELIGIBLE,1.000000
KLU066027,Cade Klubnik,QB,CURRENT_ROOKIE,2026,22.000000,1.000000,110.000000,0.000000,0.000000,EXACT_GSIS_ID,nflverse immutable raw snapshots,CURRENT_PREDICTION_FRAME_AUTHORIZED_RAW_ENTRY_FACTS,0.000000,0.000000,0.000000,0.000000,OBSERVED_NO_RECORDED_PRODUCTION,0.000000,0.000000,0.000000,0.000000,OBSERVED_NO_RECORDED_PRODUCTION,0.000000,0.000000,0.000000,0.000000,OBSERVED_NO_RECORDED_PRODUCTION,0.000000,66.000000,,ELIGIBLE,1.000000
PAY546690,Cole Payton,QB,CURRENT_ROOKIE,2026,23.000000,1.000000,178.000000,0.000000,0.000000,EXACT_GSIS_ID,nflverse immutable raw snapshots,CURRENT_PREDICTION_FRAME_AUTHORIZED_RAW_ENTRY_FACTS,0.000000,0.000000,0.000000,0.000000,OBSERVED_NO_RECORDED_PRODUCTION,0.000000,0.000000,0.000000,0.000000,OBSERVED_NO_RECORDED_PRODUCTION,0.000000,0.000000,0.000000,0.000000,OBSERVED_NO_RECORDED_PRODUCTION,0.000000,67.000000,,ELIGIBLE,1.000000
KAL252591,Athan Kaliakmanis,QB,CURRENT_ROOKIE,2026,22.680822,1.000000,223.000000,0.000000,0.000000,EXACT_GSIS_ID,nflverse immutable raw snapshots,CURRENT_PREDICTION_FRAME_AUTHORIZED_RAW_ENTRY_FACTS,0.000000,0.000000,0.000000,0.000000,OBSERVED_NO_RECORDED_PRODUCTION,0.000000,0.000000,0.000000,0.000000,OBSERVED_NO_RECORDED_PRODUCTION,0.000000,0.000000,0.000000,0.000000,OBSERVED_NO_RECORDED_PRODUCTION,0.000000,68.000000,,ELIGIBLE,1.000000
WET055619,Kaden Wetjen,WR,CURRENT_ROOKIE,2026,24.000000,1.000000,121.000000,0.000000,0.000000,EXACT_GSIS_ID,nflverse immutable raw snapshots,CURRENT_PREDICTION_FRAME_AUTHORIZED_RAW_ENTRY_FACTS,0.000000,0.000000,0.000000,0.000000,OBSERVED_NO_RECORDED_PRODUCTION,0.000000,0.000000,0.000000,0.000000,OBSERVED_NO_RECORDED_PRODUCTION,0.000000,0.000000,0.000000,0.000000,OBSERVED_NO_RECORDED_PRODUCTION,0.000000,69.000000,,ELIGIBLE,1.000000
MOR767384,Behren Morton,QB,CURRENT_ROOKIE,2026,24.268808,1.000000,234.000000,0.000000,0.000000,EXACT_GSIS_ID,nflverse immutable raw snapshots,CURRENT_PREDICTION_FRAME_AUTHORIZED_RAW_ENTRY_FACTS,0.000000,0.000000,0.000000,0.000000,OBSERVED_NO_RECORDED_PRODUCTION,0.000000,0.000000,0.000000,0.000000,OBSERVED_NO_RECORDED_PRODUCTION,0.000000,0.000000,0.000000,0.000000,OBSERVED_NO_RECORDED_PRODUCTION,0.000000,70.000000,,ELIGIBLE,1.000000
KAC282861,Will Kacmarek,TE,CURRENT_ROOKIE,2026,23.000000,1.000000,87.000000,0.000000,0.000000,EXACT_GSIS_ID,nflverse immutable raw snapshots,CURRENT_PREDICTION_FRAME_AUTHORIZED_RAW_ENTRY_FACTS,0.000000,0.000000,0.000000,0.000000,OBSERVED_NO_RECORDED_PRODUCTION,0.000000,0.000000,0.000000,0.000000,OBSERVED_NO_RECORDED_PRODUCTION,0.000000,0.000000,0.000000,0.000000,OBSERVED_NO_RECORDED_PRODUCTION,0.000000,71.000000,,ELIGIBLE,1.000000
NUS440041,Garrett Nussmeier,QB,CURRENT_ROOKIE,2026,24.214050,1.000000,249.000000,0.000000,0.000000,EXACT_GSIS_ID,nflverse immutable raw snapshots,CURRENT_PREDICTION_FRAME_AUTHORIZED_RAW_ENTRY_FACTS,0.000000,0.000000,0.000000,0.000000,OBSERVED_NO_RECORDED_PRODUCTION,0.000000,0.000000,0.000000,0.000000,OBSERVED_NO_RECORDED_PRODUCTION,0.000000,0.000000,0.000000,0.000000,OBSERVED_NO_RECORDED_PRODUCTION,0.000000,72.000000,,ELIGIBLE,1.000000
BRE060106,Max Bredeson,TE,CURRENT_ROOKIE,2026,23.000000,1.000000,159.000000,0.000000,0.000000,EXACT_GSIS_ID,nflverse immutable raw snapshots,CURRENT_PREDICTION_FRAME_AUTHORIZED_RAW_ENTRY_FACTS,0.000000,0.000000,0.000000,0.000000,OBSERVED_NO_RECORDED_PRODUCTION,0.000000,0.000000,0.000000,0.000000,OBSERVED_NO_RECORDED_PRODUCTION,0.000000,0.000000,0.000000,0.000000,OBSERVED_NO_RECORDED_PRODUCTION,0.000000,73.000000,,ELIGIBLE,1.000000
